-- **Table CropType**
INSERT INTO CropType(CropTypeID, typeName) values (1, 'Temporária');
INSERT INTO CropType(CropTypeID, typeName) values (2, 'Permanente');

-- **Table Species**
INSERT INTO Species(speciesID, speciesName, commonName, plantationPeriod, pruningPeriod, floweringPeriod, harvestPeriod) values (1, 'Prunus domestica', 'Ameixoeira', '', 'Novembro a dezembro', 'Fevereiro a março', 'Julho a agosto');
INSERT INTO Species(speciesID, speciesName, commonName, plantationPeriod, pruningPeriod, floweringPeriod, harvestPeriod) values (2, 'Prunus domestica', 'Ameixoeira', '', 'Novembro a dezembro', 'Fevereiro a março', 'Julho a agosto');
INSERT INTO Species(speciesID, speciesName, commonName, plantationPeriod, pruningPeriod, floweringPeriod, harvestPeriod) values (3, 'Prunus domestica', 'Ameixoeira', '', 'Novembro a dezembro', 'Fevereiro a março', 'Julho a agosto');
INSERT INTO Species(speciesID, speciesName, commonName, plantationPeriod, pruningPeriod, floweringPeriod, harvestPeriod) values (4, 'Prunus domestica', 'Ameixoeira', '', 'Novembro a dezembro', 'Fevereiro a março', 'Julho a agosto');
INSERT INTO Species(speciesID, speciesName, commonName, plantationPeriod, pruningPeriod, floweringPeriod, harvestPeriod) values (5, 'Prunus domestica', 'Ameixoeira', '', 'Novembro a dezembro', 'Fevereiro a março', 'Julho a agosto');
INSERT INTO Species(speciesID, speciesName, commonName, plantationPeriod, pruningPeriod, floweringPeriod, harvestPeriod) values (6, 'Prunus domestica', 'Ameixoeira', '', 'Novembro a dezembro', 'Fevereiro a março', 'Julho a agosto');
INSERT INTO Species(speciesID, speciesName, commonName, plantationPeriod, pruningPeriod, floweringPeriod, harvestPeriod) values (7, 'Prunus domestica', 'Ameixoeira', '', 'Novembro a dezembro', 'Fevereiro a março', 'Julho a agosto');
INSERT INTO Species(speciesID, speciesName, commonName, plantationPeriod, pruningPeriod, floweringPeriod, harvestPeriod) values (8, 'Prunus domestica', 'Ameixoeira', '', 'Novembro a dezembro', 'Fevereiro a março', 'Julho a agosto');
INSERT INTO Species(speciesID, speciesName, commonName, plantationPeriod, pruningPeriod, floweringPeriod, harvestPeriod) values (9, 'Prunus domestica', 'Ameixoeira', '', 'Novembro a dezembro', 'Fevereiro a março', 'Julho a agosto');
INSERT INTO Species(speciesID, speciesName, commonName, plantationPeriod, pruningPeriod, floweringPeriod, harvestPeriod) values (10, 'Prunus domestica', 'Ameixoeira', '', 'Novembro a dezembro', 'Fevereiro a março', 'Julho a agosto');
INSERT INTO Species(speciesID, speciesName, commonName, plantationPeriod, pruningPeriod, floweringPeriod, harvestPeriod) values (11, 'Prunus domestica', 'Ameixoeira', '', 'Novembro a dezembro', 'Fevereiro a março', 'Julho a agosto');
INSERT INTO Species(speciesID, speciesName, commonName, plantationPeriod, pruningPeriod, floweringPeriod, harvestPeriod) values (12, 'Prunus domestica', 'Ameixoeira', '', 'Novembro a dezembro', 'Fevereiro a março', 'Julho a agosto');
INSERT INTO Species(speciesID, speciesName, commonName, plantationPeriod, pruningPeriod, floweringPeriod, harvestPeriod) values (13, 'Prunus domestica', 'Ameixoeira', '', 'Novembro a dezembro', 'Fevereiro a março', 'Julho a agosto');
INSERT INTO Species(speciesID, speciesName, commonName, plantationPeriod, pruningPeriod, floweringPeriod, harvestPeriod) values (14, 'Prunus domestica', 'Ameixoeira', '', 'Novembro a dezembro', 'Fevereiro a março', 'Julho a agosto');
INSERT INTO Species(speciesID, speciesName, commonName, plantationPeriod, pruningPeriod, floweringPeriod, harvestPeriod) values (15, 'Prunus domestica', 'Ameixoeira', '', 'Novembro a dezembro', 'Fevereiro a março', 'Julho a agosto');
INSERT INTO Species(speciesID, speciesName, commonName, plantationPeriod, pruningPeriod, floweringPeriod, harvestPeriod) values (16, 'Prunus domestica', 'Ameixoeira', '', 'Novembro a dezembro', 'Fevereiro a março', 'Julho a agosto');
INSERT INTO Species(speciesID, speciesName, commonName, plantationPeriod, pruningPeriod, floweringPeriod, harvestPeriod) values (17, 'Prunus domestica', 'Ameixoeira', '', 'Novembro a dezembro', 'Fevereiro a março', 'Julho a agosto');
INSERT INTO Species(speciesID, speciesName, commonName, plantationPeriod, pruningPeriod, floweringPeriod, harvestPeriod) values (18, 'Prunus domestica', 'Ameixoeira', '', 'Novembro a dezembro', 'Fevereiro a março', 'Julho a agosto');
INSERT INTO Species(speciesID, speciesName, commonName, plantationPeriod, pruningPeriod, floweringPeriod, harvestPeriod) values (19, 'Prunus domestica', 'Ameixoeira', '', 'Novembro a dezembro', 'Fevereiro a março', 'Julho a agosto');
INSERT INTO Species(speciesID, speciesName, commonName, plantationPeriod, pruningPeriod, floweringPeriod, harvestPeriod) values (20, 'Prunus domestica', 'Ameixoeira', '', 'Novembro a dezembro', 'Fevereiro a março', 'Julho a agosto');
INSERT INTO Species(speciesID, speciesName, commonName, plantationPeriod, pruningPeriod, floweringPeriod, harvestPeriod) values (21, 'Prunus domestica', 'Ameixoeira', '', 'Novembro a dezembro', 'Fevereiro a março', 'Julho a agosto');
INSERT INTO Species(speciesID, speciesName, commonName, plantationPeriod, pruningPeriod, floweringPeriod, harvestPeriod) values (22, 'Prunus domestica', 'Ameixoeira', '', 'Novembro a dezembro', 'Fevereiro a março', 'Julho a agosto');
INSERT INTO Species(speciesID, speciesName, commonName, plantationPeriod, pruningPeriod, floweringPeriod, harvestPeriod) values (23, 'Prunus domestica', 'Ameixoeira', '', 'Novembro a dezembro', 'Fevereiro a março', 'Julho a agosto');
INSERT INTO Species(speciesID, speciesName, commonName, plantationPeriod, pruningPeriod, floweringPeriod, harvestPeriod) values (24, 'Prunus domestica', 'Ameixoeira', '', 'Novembro a dezembro', 'Fevereiro a março', 'Julho a agosto');
INSERT INTO Species(speciesID, speciesName, commonName, plantationPeriod, pruningPeriod, floweringPeriod, harvestPeriod) values (25, 'Prunus domestica', 'Ameixoeira', '', 'Novembro a dezembro', 'Fevereiro a março', 'Julho a agosto');
INSERT INTO Species(speciesID, speciesName, commonName, plantationPeriod, pruningPeriod, floweringPeriod, harvestPeriod) values (26, 'Prunus domestica', 'Ameixoeira', '', 'Novembro a dezembro', 'Fevereiro a março', 'Julho a agosto');
INSERT INTO Species(speciesID, speciesName, commonName, plantationPeriod, pruningPeriod, floweringPeriod, harvestPeriod) values (27, 'Prunus armeniaca', 'Damasqueiro', '', 'Novembro a dezembro', 'Fevereiro a março', 'Julho a agosto');
INSERT INTO Species(speciesID, speciesName, commonName, plantationPeriod, pruningPeriod, floweringPeriod, harvestPeriod) values (28, 'Prunus armeniaca', 'Damasqueiro', '', 'Novembro a dezembro', 'Fevereiro a março', 'Julho a agosto');
INSERT INTO Species(speciesID, speciesName, commonName, plantationPeriod, pruningPeriod, floweringPeriod, harvestPeriod) values (29, 'Prunus armeniaca', 'Damasqueiro', '', 'Novembro a dezembro', 'Fevereiro a março', 'Julho a agosto');
INSERT INTO Species(speciesID, speciesName, commonName, plantationPeriod, pruningPeriod, floweringPeriod, harvestPeriod) values (30, 'Prunus armeniaca', 'Damasqueiro', '', 'Novembro a dezembro', 'Fevereiro a março', 'Julho a agosto');
INSERT INTO Species(speciesID, speciesName, commonName, plantationPeriod, pruningPeriod, floweringPeriod, harvestPeriod) values (31, 'Prunus armeniaca', 'Damasqueiro', '', 'Novembro a dezembro', 'Fevereiro a março', 'Julho a agosto');
INSERT INTO Species(speciesID, speciesName, commonName, plantationPeriod, pruningPeriod, floweringPeriod, harvestPeriod) values (32, 'Malus domestica', 'Macieira', '', 'Novembro a dezembro', 'Março a abril', 'Agosto a setembro');
INSERT INTO Species(speciesID, speciesName, commonName, plantationPeriod, pruningPeriod, floweringPeriod, harvestPeriod) values (33, 'Malus domestica', 'Macieira', '', 'Novembro a dezembro', 'Março a abril', 'Agosto a setembro');
INSERT INTO Species(speciesID, speciesName, commonName, plantationPeriod, pruningPeriod, floweringPeriod, harvestPeriod) values (34, 'Malus domestica', 'Macieira', '', 'Novembro a dezembro', 'Março a abril', 'Agosto a setembro');
INSERT INTO Species(speciesID, speciesName, commonName, plantationPeriod, pruningPeriod, floweringPeriod, harvestPeriod) values (35, 'Malus domestica', 'Macieira', '', 'Novembro a dezembro', 'Março a abril', 'Agosto a setembro');
INSERT INTO Species(speciesID, speciesName, commonName, plantationPeriod, pruningPeriod, floweringPeriod, harvestPeriod) values (36, 'Malus domestica', 'Macieira', '', 'Novembro a dezembro', 'Março a abril', 'Agosto a setembro');
INSERT INTO Species(speciesID, speciesName, commonName, plantationPeriod, pruningPeriod, floweringPeriod, harvestPeriod) values (37, 'Malus domestica', 'Macieira', '', 'Novembro a dezembro', 'Março a abril', 'Agosto a setembro');
INSERT INTO Species(speciesID, speciesName, commonName, plantationPeriod, pruningPeriod, floweringPeriod, harvestPeriod) values (38, 'Malus domestica', 'Macieira', '', 'Novembro a dezembro', 'Março a abril', 'Agosto a setembro');
INSERT INTO Species(speciesID, speciesName, commonName, plantationPeriod, pruningPeriod, floweringPeriod, harvestPeriod) values (39, 'Malus domestica', 'Macieira', '', 'Novembro a dezembro', 'Março a abril', 'Agosto a setembro');
INSERT INTO Species(speciesID, speciesName, commonName, plantationPeriod, pruningPeriod, floweringPeriod, harvestPeriod) values (40, 'Malus domestica', 'Macieira', '', 'Novembro a dezembro', 'Março a abril', 'Agosto a setembro');
INSERT INTO Species(speciesID, speciesName, commonName, plantationPeriod, pruningPeriod, floweringPeriod, harvestPeriod) values (41, 'Malus domestica', 'Macieira', '', 'Novembro a dezembro', 'Março a abril', 'Agosto a setembro');
INSERT INTO Species(speciesID, speciesName, commonName, plantationPeriod, pruningPeriod, floweringPeriod, harvestPeriod) values (42, 'Malus domestica', 'Macieira', '', 'Novembro a dezembro', 'Março a abril', 'Agosto a setembro');
INSERT INTO Species(speciesID, speciesName, commonName, plantationPeriod, pruningPeriod, floweringPeriod, harvestPeriod) values (43, 'Malus domestica', 'Macieira', '', 'Novembro a dezembro', 'Março a abril', 'Agosto a setembro');
INSERT INTO Species(speciesID, speciesName, commonName, plantationPeriod, pruningPeriod, floweringPeriod, harvestPeriod) values (44, 'Malus domestica', 'Macieira', '', 'Janeiro', 'Abril a maio', 'Novembro a dezembro');
INSERT INTO Species(speciesID, speciesName, commonName, plantationPeriod, pruningPeriod, floweringPeriod, harvestPeriod) values (45, 'Malus domestica', 'Macieira', '', 'Novembro a dezembro', 'Março a abril', 'Agosto a setembro');
INSERT INTO Species(speciesID, speciesName, commonName, plantationPeriod, pruningPeriod, floweringPeriod, harvestPeriod) values (46, 'Malus domestica', 'Macieira', '', 'Novembro a dezembro', 'Março a abril', 'Agosto a setembro');
INSERT INTO Species(speciesID, speciesName, commonName, plantationPeriod, pruningPeriod, floweringPeriod, harvestPeriod) values (47, 'Malus domestica', 'Macieira', '', 'Novembro a dezembro', 'Março a abril', 'Agosto a setembro');
INSERT INTO Species(speciesID, speciesName, commonName, plantationPeriod, pruningPeriod, floweringPeriod, harvestPeriod) values (48, 'Malus domestica', 'Macieira', '', 'Novembro a dezembro', 'Março a abril', 'Agosto a setembro');
INSERT INTO Species(speciesID, speciesName, commonName, plantationPeriod, pruningPeriod, floweringPeriod, harvestPeriod) values (49, 'Malus domestica', 'Macieira', '', 'Novembro a dezembro', 'Março a abril', 'Agosto a setembro');
INSERT INTO Species(speciesID, speciesName, commonName, plantationPeriod, pruningPeriod, floweringPeriod, harvestPeriod) values (50, 'Malus domestica', 'Macieira', '', 'Novembro a dezembro', 'Março a abril', 'Agosto a setembro');
INSERT INTO Species(speciesID, speciesName, commonName, plantationPeriod, pruningPeriod, floweringPeriod, harvestPeriod) values (51, 'Malus domestica', 'Macieira', '', 'Novembro a dezembro', 'Março a abril', 'Agosto a setembro');
INSERT INTO Species(speciesID, speciesName, commonName, plantationPeriod, pruningPeriod, floweringPeriod, harvestPeriod) values (52, 'Malus domestica', 'Macieira', '', 'Novembro a dezembro', 'Março a abril', 'Agosto a setembro');
INSERT INTO Species(speciesID, speciesName, commonName, plantationPeriod, pruningPeriod, floweringPeriod, harvestPeriod) values (53, 'Malus domestica', 'Macieira', '', 'Novembro a dezembro', 'Março a abril', 'Agosto a setembro');
INSERT INTO Species(speciesID, speciesName, commonName, plantationPeriod, pruningPeriod, floweringPeriod, harvestPeriod) values (54, 'Malus domestica', 'Macieira', '', 'Novembro a dezembro', 'Março a abril', 'Agosto a setembro');
INSERT INTO Species(speciesID, speciesName, commonName, plantationPeriod, pruningPeriod, floweringPeriod, harvestPeriod) values (55, 'Malus domestica', 'Macieira', '', 'Novembro a dezembro', 'Março a abril', 'Agosto a setembro');
INSERT INTO Species(speciesID, speciesName, commonName, plantationPeriod, pruningPeriod, floweringPeriod, harvestPeriod) values (56, 'Malus domestica', 'Macieira', '', 'Novembro a dezembro', 'Março a abril', 'Agosto a setembro');
INSERT INTO Species(speciesID, speciesName, commonName, plantationPeriod, pruningPeriod, floweringPeriod, harvestPeriod) values (57, 'Malus domestica', 'Macieira', '', 'Novembro a dezembro', 'Março a abril', 'Agosto a setembro');
INSERT INTO Species(speciesID, speciesName, commonName, plantationPeriod, pruningPeriod, floweringPeriod, harvestPeriod) values (58, 'Malus domestica', 'Macieira', '', 'Novembro a dezembro', 'Março a abril', 'Agosto a setembro');
INSERT INTO Species(speciesID, speciesName, commonName, plantationPeriod, pruningPeriod, floweringPeriod, harvestPeriod) values (59, 'Malus domestica', 'Macieira', '', 'Novembro a dezembro', 'Março a abril', 'Agosto a setembro');
INSERT INTO Species(speciesID, speciesName, commonName, plantationPeriod, pruningPeriod, floweringPeriod, harvestPeriod) values (60, 'Malus domestica', 'Macieira', '', 'Novembro a dezembro', 'Março a abril', 'Agosto a setembro');
INSERT INTO Species(speciesID, speciesName, commonName, plantationPeriod, pruningPeriod, floweringPeriod, harvestPeriod) values (61, 'Malus domestica', 'Macieira', '', 'Novembro a dezembro', 'Março a abril', 'Agosto a setembro');
INSERT INTO Species(speciesID, speciesName, commonName, plantationPeriod, pruningPeriod, floweringPeriod, harvestPeriod) values (62, 'Malus domestica', 'Macieira', '', 'Novembro a dezembro', 'Março a abril', 'Agosto a setembro');
INSERT INTO Species(speciesID, speciesName, commonName, plantationPeriod, pruningPeriod, floweringPeriod, harvestPeriod) values (63, 'Malus domestica', 'Macieira', '', 'Novembro a dezembro', 'Março a abril', 'Agosto a setembro');
INSERT INTO Species(speciesID, speciesName, commonName, plantationPeriod, pruningPeriod, floweringPeriod, harvestPeriod) values (64, 'Malus domestica', 'Macieira', '', 'Novembro a dezembro', 'Março a abril', 'Agosto a setembro');
INSERT INTO Species(speciesID, speciesName, commonName, plantationPeriod, pruningPeriod, floweringPeriod, harvestPeriod) values (65, 'Malus domestica', 'Macieira', '', 'Novembro a dezembro', 'Março a abril', 'Agosto a setembro');
INSERT INTO Species(speciesID, speciesName, commonName, plantationPeriod, pruningPeriod, floweringPeriod, harvestPeriod) values (66, 'Malus domestica', 'Macieira', '', 'Novembro a dezembro', 'Março a abril', 'Agosto a setembro');
INSERT INTO Species(speciesID, speciesName, commonName, plantationPeriod, pruningPeriod, floweringPeriod, harvestPeriod) values (67, 'Malus domestica', 'Macieira', '', 'Novembro a dezembro', 'Março a abril', 'Agosto a setembro');
INSERT INTO Species(speciesID, speciesName, commonName, plantationPeriod, pruningPeriod, floweringPeriod, harvestPeriod) values (68, 'Malus domestica', 'Macieira', '', 'Novembro a dezembro', 'Março a abril', 'Agosto a setembro');
INSERT INTO Species(speciesID, speciesName, commonName, plantationPeriod, pruningPeriod, floweringPeriod, harvestPeriod) values (69, 'Pyrus pyrifolia', 'Pera Nashi', '', '', '', '');
INSERT INTO Species(speciesID, speciesName, commonName, plantationPeriod, pruningPeriod, floweringPeriod, harvestPeriod) values (70, 'Pyrus pyrifolia', 'Pera Nashi', '', '', '', '');
INSERT INTO Species(speciesID, speciesName, commonName, plantationPeriod, pruningPeriod, floweringPeriod, harvestPeriod) values (71, 'Pyrus pyrifolia', 'Pera Nashi', '', '', '', '');
INSERT INTO Species(speciesID, speciesName, commonName, plantationPeriod, pruningPeriod, floweringPeriod, harvestPeriod) values (72, 'Pyrus pyrifolia', 'Pera Nashi', '', '', '', '');
INSERT INTO Species(speciesID, speciesName, commonName, plantationPeriod, pruningPeriod, floweringPeriod, harvestPeriod) values (73, 'Daucus carota subsp. Sativus', 'Cenoura', '', '', '', '80 dias');
INSERT INTO Species(speciesID, speciesName, commonName, plantationPeriod, pruningPeriod, floweringPeriod, harvestPeriod) values (74, 'Daucus carota subsp. Sativus', 'Cenoura', '', '', '', '80 dias');
INSERT INTO Species(speciesID, speciesName, commonName, plantationPeriod, pruningPeriod, floweringPeriod, harvestPeriod) values (75, 'Daucus carota subsp. Sativus', 'Cenoura', '', '', '', '80 dias');
INSERT INTO Species(speciesID, speciesName, commonName, plantationPeriod, pruningPeriod, floweringPeriod, harvestPeriod) values (76, 'Daucus carota subsp. Sativus', 'Cenoura', '', '', '', '80 dias');
INSERT INTO Species(speciesID, speciesName, commonName, plantationPeriod, pruningPeriod, floweringPeriod, harvestPeriod) values (77, 'Daucus carota subsp. Sativus', 'Cenoura', '', '', '', '80 dias');
INSERT INTO Species(speciesID, speciesName, commonName, plantationPeriod, pruningPeriod, floweringPeriod, harvestPeriod) values (78, 'Daucus carota subsp. Sativus', 'Cenoura', '', '', '', '80 dias');
INSERT INTO Species(speciesID, speciesName, commonName, plantationPeriod, pruningPeriod, floweringPeriod, harvestPeriod) values (79, 'Daucus carota subsp. Sativus', 'Cenoura', '', '', '', '80 dias');
INSERT INTO Species(speciesID, speciesName, commonName, plantationPeriod, pruningPeriod, floweringPeriod, harvestPeriod) values (80, 'Lupinus luteus', 'Tremoço', '', '', '', '');
INSERT INTO Species(speciesID, speciesName, commonName, plantationPeriod, pruningPeriod, floweringPeriod, harvestPeriod) values (81, 'Lupinus albus', 'Tremoço', '', '', '', '');
INSERT INTO Species(speciesID, speciesName, commonName, plantationPeriod, pruningPeriod, floweringPeriod, harvestPeriod) values (82, 'Zea mays', 'Milho', 'Abril a junho', '', '', 'Julho a setembro');
INSERT INTO Species(speciesID, speciesName, commonName, plantationPeriod, pruningPeriod, floweringPeriod, harvestPeriod) values (83, 'Zea mays', 'Milho', 'Abril a junho', '', '', 'Julho a setembro');
INSERT INTO Species(speciesID, speciesName, commonName, plantationPeriod, pruningPeriod, floweringPeriod, harvestPeriod) values (84, 'Brassica rapa', 'Nabo greleiro', 'Março a setembro', '', '', 'Junho a fevereiro');
INSERT INTO Species(speciesID, speciesName, commonName, plantationPeriod, pruningPeriod, floweringPeriod, harvestPeriod) values (85, 'Olea europaea', 'Oliveira', '', '', '', 'Outubro a novembro');
INSERT INTO Species(speciesID, speciesName, commonName, plantationPeriod, pruningPeriod, floweringPeriod, harvestPeriod) values (86, 'Olea europaea', 'Oliveira', '', '', '', 'Outubro a novembro');
INSERT INTO Species(speciesID, speciesName, commonName, plantationPeriod, pruningPeriod, floweringPeriod, harvestPeriod) values (87, 'Olea europaea', 'Oliveira', '', '', '', 'Outubro a novembro');
INSERT INTO Species(speciesID, speciesName, commonName, plantationPeriod, pruningPeriod, floweringPeriod, harvestPeriod) values (88, 'Olea europaea', 'Oliveira', '', '', '', 'Outubro a novembro');
INSERT INTO Species(speciesID, speciesName, commonName, plantationPeriod, pruningPeriod, floweringPeriod, harvestPeriod) values (89, 'Olea europaea', 'Oliveira', '', '', '', 'Outubro a novembro');
INSERT INTO Species(speciesID, speciesName, commonName, plantationPeriod, pruningPeriod, floweringPeriod, harvestPeriod) values (90, 'Olea europaea', 'Oliveira', '', '', '', 'Outubro a novembro');
INSERT INTO Species(speciesID, speciesName, commonName, plantationPeriod, pruningPeriod, floweringPeriod, harvestPeriod) values (91, 'Olea europaea', 'Oliveira', '', '', '', 'Outubro a novembro');
INSERT INTO Species(speciesID, speciesName, commonName, plantationPeriod, pruningPeriod, floweringPeriod, harvestPeriod) values (92, 'Olea europaea', 'Oliveira', '', '', '', 'Outubro a novembro');
INSERT INTO Species(speciesID, speciesName, commonName, plantationPeriod, pruningPeriod, floweringPeriod, harvestPeriod) values (93, 'Brassica rapa', 'Nabo', 'Fevereiro a abril, agosto a outubro', '', '', '90 dias');
INSERT INTO Species(speciesID, speciesName, commonName, plantationPeriod, pruningPeriod, floweringPeriod, harvestPeriod) values (94, 'Vitis vinifera', 'Videira', '', 'Dezembro a janeiro', 'Maio', 'Junho a agosto');
INSERT INTO Species(speciesID, speciesName, commonName, plantationPeriod, pruningPeriod, floweringPeriod, harvestPeriod) values (95, 'Vitis vinifera', 'Videira', '', 'Dezembro a janeiro', 'Maio', 'Junho a agosto');
INSERT INTO Species(speciesID, speciesName, commonName, plantationPeriod, pruningPeriod, floweringPeriod, harvestPeriod) values (96, 'Cucurbita moschata', 'Abóbora manteiga', '', '', '', '');

-- **Table Crop**
INSERT INTO Crop(CropID, Variety, CropTypeID, speciesID) values (1, 'RAINHA CLAUDIA CARANGUEJEIRA', 2, 1);
INSERT INTO Crop(CropID, Variety, CropTypeID, speciesID) values (2, 'PRESIDENT', 2, 1);
INSERT INTO Crop(CropID, Variety, CropTypeID, speciesID) values (3, 'STANLEY', 2, 1);
INSERT INTO Crop(CropID, Variety, CropTypeID, speciesID) values (4, 'ANGELENO', 2, 1);
INSERT INTO Crop(CropID, Variety, CropTypeID, speciesID) values (5, 'BLACK BEAUTY', 2, 1);
INSERT INTO Crop(CropID, Variety, CropTypeID, speciesID) values (6, 'BLACK STAR', 2, 1);
INSERT INTO Crop(CropID, Variety, CropTypeID, speciesID) values (7, 'BLACK GOLD', 2, 1);
INSERT INTO Crop(CropID, Variety, CropTypeID, speciesID) values (8, 'BLACK DIAMOND', 2, 1);
INSERT INTO Crop(CropID, Variety, CropTypeID, speciesID) values (9, 'BLACK AMBER', 2, 1);
INSERT INTO Crop(CropID, Variety, CropTypeID, speciesID) values (10, 'BLACK SPLENDOR', 2, 1);
INSERT INTO Crop(CropID, Variety, CropTypeID, speciesID) values (11, 'FORTUNA', 2, 1);
INSERT INTO Crop(CropID, Variety, CropTypeID, speciesID) values (12, 'FRIAR', 2, 1);
INSERT INTO Crop(CropID, Variety, CropTypeID, speciesID) values (13, 'EL DORADO', 2, 1);
INSERT INTO Crop(CropID, Variety, CropTypeID, speciesID) values (14, 'ELEPHANT HEART', 2, 1);
INSERT INTO Crop(CropID, Variety, CropTypeID, speciesID) values (15, 'GOLDEN JAPAN', 2, 1);
INSERT INTO Crop(CropID, Variety, CropTypeID, speciesID) values (16, 'HARRY PITCHON', 2, 1);
INSERT INTO Crop(CropID, Variety, CropTypeID, speciesID) values (17, 'LAETITIA', 2, 1);
INSERT INTO Crop(CropID, Variety, CropTypeID, speciesID) values (18, 'METLEY', 2, 1);
INSERT INTO Crop(CropID, Variety, CropTypeID, speciesID) values (19, 'MIRABELLE DE NANCY', 2, 1);
INSERT INTO Crop(CropID, Variety, CropTypeID, speciesID) values (20, 'QUEEN ROSE', 2, 1);
INSERT INTO Crop(CropID, Variety, CropTypeID, speciesID) values (21, 'RED BEAUT', 2, 1);
INSERT INTO Crop(CropID, Variety, CropTypeID, speciesID) values (22, 'SANTA ROSA', 2, 1);
INSERT INTO Crop(CropID, Variety, CropTypeID, speciesID) values (23, 'SHIRO', 2, 1);
INSERT INTO Crop(CropID, Variety, CropTypeID, speciesID) values (24, 'SUNGOLD', 2, 1);
INSERT INTO Crop(CropID, Variety, CropTypeID, speciesID) values (25, 'WILSON PERFECTION', 2, 1);
INSERT INTO Crop(CropID, Variety, CropTypeID, speciesID) values (26, 'AUTUMN GIANT', 2, 1);
INSERT INTO Crop(CropID, Variety, CropTypeID, speciesID) values (27, 'BULIDA', 2, 2);
INSERT INTO Crop(CropID, Variety, CropTypeID, speciesID) values (28, 'CANINO', 2, 2);
INSERT INTO Crop(CropID, Variety, CropTypeID, speciesID) values (29, 'LIABAUD', 2, 2);
INSERT INTO Crop(CropID, Variety, CropTypeID, speciesID) values (30, 'MAILLOT JAUNE', 2, 2);
INSERT INTO Crop(CropID, Variety, CropTypeID, speciesID) values (31, 'POLONAIS', 2, 2);
INSERT INTO Crop(CropID, Variety, CropTypeID, speciesID) values (32, 'AKANE', 2, 3);
INSERT INTO Crop(CropID, Variety, CropTypeID, speciesID) values (33, 'BELGOLDEN', 2, 3);
INSERT INTO Crop(CropID, Variety, CropTypeID, speciesID) values (34, 'BRAVO DE ESMOLFE', 2, 3);
INSERT INTO Crop(CropID, Variety, CropTypeID, speciesID) values (35, 'CASA NOVA DE ALCOBAÇA', 2, 3);
INSERT INTO Crop(CropID, Variety, CropTypeID, speciesID) values (36, 'EROVAN', 2, 3);
INSERT INTO Crop(CropID, Variety, CropTypeID, speciesID) values (37, 'FUJI', 2, 3);
INSERT INTO Crop(CropID, Variety, CropTypeID, speciesID) values (38, 'GRANNY SMITH', 2, 3);
INSERT INTO Crop(CropID, Variety, CropTypeID, speciesID) values (39, 'GOLDEN DELICIOUS', 2, 3);
INSERT INTO Crop(CropID, Variety, CropTypeID, speciesID) values (40, 'HI-EARLY', 2, 3);
INSERT INTO Crop(CropID, Variety, CropTypeID, speciesID) values (41, 'JONAGORED', 2, 3);
INSERT INTO Crop(CropID, Variety, CropTypeID, speciesID) values (42, 'LYSGOLDEN', 2, 3);
INSERT INTO Crop(CropID, Variety, CropTypeID, speciesID) values (43, 'MUTSU', 2, 3);
INSERT INTO Crop(CropID, Variety, CropTypeID, speciesID) values (44, 'PORTA DA LOJA', 2, 3);
INSERT INTO Crop(CropID, Variety, CropTypeID, speciesID) values (45, 'REINETTE OU CANADA', 2, 3);
INSERT INTO Crop(CropID, Variety, CropTypeID, speciesID) values (46, 'REINETTE OU GRAND FAY', 2, 3);
INSERT INTO Crop(CropID, Variety, CropTypeID, speciesID) values (47, 'RISCADINHA DE PALMELA', 2, 3);
INSERT INTO Crop(CropID, Variety, CropTypeID, speciesID) values (48, 'ROYAL GALA', 2, 3);
INSERT INTO Crop(CropID, Variety, CropTypeID, speciesID) values (49, 'REDCHIEF', 2, 3);
INSERT INTO Crop(CropID, Variety, CropTypeID, speciesID) values (50, 'STARKING', 2, 3);
INSERT INTO Crop(CropID, Variety, CropTypeID, speciesID) values (51, 'SUMMER RED', 2, 3);
INSERT INTO Crop(CropID, Variety, CropTypeID, speciesID) values (52, 'WELL´SPUR DELICIOUS', 2, 3);
INSERT INTO Crop(CropID, Variety, CropTypeID, speciesID) values (53, 'NOIVA', 2, 3);
INSERT INTO Crop(CropID, Variety, CropTypeID, speciesID) values (54, 'OLHO ABERTO', 2, 3);
INSERT INTO Crop(CropID, Variety, CropTypeID, speciesID) values (55, 'CAMOESA ROSA', 2, 3);
INSERT INTO Crop(CropID, Variety, CropTypeID, speciesID) values (56, 'MALÁPIO', 2, 3);
INSERT INTO Crop(CropID, Variety, CropTypeID, speciesID) values (57, 'GRONHO DOCE', 2, 3);
INSERT INTO Crop(CropID, Variety, CropTypeID, speciesID) values (58, 'PÉ DE BOI ', 2, 3);
INSERT INTO Crop(CropID, Variety, CropTypeID, speciesID) values (59, 'PINOVA', 2, 3);
INSERT INTO Crop(CropID, Variety, CropTypeID, speciesID) values (60, 'PARDO LINDO', 2, 3);
INSERT INTO Crop(CropID, Variety, CropTypeID, speciesID) values (61, 'PIPO DE BASTO', 2, 3);
INSERT INTO Crop(CropID, Variety, CropTypeID, speciesID) values (62, 'PRIMA', 2, 3);
INSERT INTO Crop(CropID, Variety, CropTypeID, speciesID) values (63, 'QUERINA', 2, 3);
INSERT INTO Crop(CropID, Variety, CropTypeID, speciesID) values (64, 'VISTA BELLA', 2, 3);
INSERT INTO Crop(CropID, Variety, CropTypeID, speciesID) values (65, 'GOLDEN SMOOTHEE', 2, 3);
INSERT INTO Crop(CropID, Variety, CropTypeID, speciesID) values (66, 'GOLDEN SUPREMA', 2, 3);
INSERT INTO Crop(CropID, Variety, CropTypeID, speciesID) values (67, 'GLOSTER 69', 2, 3);
INSERT INTO Crop(CropID, Variety, CropTypeID, speciesID) values (68, 'FREEDOM', 2, 3);
INSERT INTO Crop(CropID, Variety, CropTypeID, speciesID) values (69, 'SNINSEIKI', 2, 4);
INSERT INTO Crop(CropID, Variety, CropTypeID, speciesID) values (70, 'KUMOI', 2, 4);
INSERT INTO Crop(CropID, Variety, CropTypeID, speciesID) values (71, 'HOSUI', 2, 4);
INSERT INTO Crop(CropID, Variety, CropTypeID, speciesID) values (72, 'NIJISSEIKI', 2, 4);
INSERT INTO Crop(CropID, Variety, CropTypeID, speciesID) values (73, 'Carson Hybrid', 2, 5);
INSERT INTO Crop(CropID, Variety, CropTypeID, speciesID) values (74, 'Red Cored Chantenay', 1, 5);
INSERT INTO Crop(CropID, Variety, CropTypeID, speciesID) values (75, 'Danvers Half Long', 1, 5);
INSERT INTO Crop(CropID, Variety, CropTypeID, speciesID) values (76, 'Imperator 58', 1, 5);
INSERT INTO Crop(CropID, Variety, CropTypeID, speciesID) values (77, 'Sugarsnax Hybrid', 1, 5);
INSERT INTO Crop(CropID, Variety, CropTypeID, speciesID) values (78, 'Nelson Hybrid', 1, 5);
INSERT INTO Crop(CropID, Variety, CropTypeID, speciesID) values (79, 'Scarlet Nantes', 1, 5);
INSERT INTO Crop(CropID, Variety, CropTypeID, speciesID) values (80, 'Amarelo', 1, 6);
INSERT INTO Crop(CropID, Variety, CropTypeID, speciesID) values (81, 'Branco', 1, 11);
INSERT INTO Crop(CropID, Variety, CropTypeID, speciesID) values (82, 'MAS 24.C', 1, 7);
INSERT INTO Crop(CropID, Variety, CropTypeID, speciesID) values (83, 'Doce Golden Bantam', 1, 7);
INSERT INTO Crop(CropID, Variety, CropTypeID, speciesID) values (84, 'Senhora Conceição', 1, 8);
INSERT INTO Crop(CropID, Variety, CropTypeID, speciesID) values (85, 'COBRANÇOSA', 2, 9);
INSERT INTO Crop(CropID, Variety, CropTypeID, speciesID) values (86, 'ARBEQUINA', 2, 9);
INSERT INTO Crop(CropID, Variety, CropTypeID, speciesID) values (87, 'HOJIBLANCA', 2, 9);
INSERT INTO Crop(CropID, Variety, CropTypeID, speciesID) values (88, 'NEGRINHA DO FREIXO', 2, 9);
INSERT INTO Crop(CropID, Variety, CropTypeID, speciesID) values (89, 'PICUAL', 2, 9);
INSERT INTO Crop(CropID, Variety, CropTypeID, speciesID) values (90, 'MAÇANILHA', 2, 9);
INSERT INTO Crop(CropID, Variety, CropTypeID, speciesID) values (91, 'CONSERVA DE ELVAS', 2, 9);
INSERT INTO Crop(CropID, Variety, CropTypeID, speciesID) values (92, 'Galega ', 2, 9);
INSERT INTO Crop(CropID, Variety, CropTypeID, speciesID) values (93, 'S. Cosme', 1, 8);
INSERT INTO Crop(CropID, Variety, CropTypeID, speciesID) values (94, 'Dona Maria', 2, 9);
INSERT INTO Crop(CropID, Variety, CropTypeID, speciesID) values (95, 'Cardinal', 2, 9);
INSERT INTO Crop(CropID, Variety, CropTypeID, speciesID) values (96, 'Butternut', 1, 10);

-- **Table Manufacturer**

INSERT INTO Manufacturer(manufacturerID, name) VALUES(1, 'ASCENZA');
INSERT INTO Manufacturer(manufacturerID, name) VALUES(2, 'Bayer');
INSERT INTO Manufacturer(manufacturerID, name) VALUES(3, 'K+S');
INSERT INTO Manufacturer(manufacturerID, name) VALUES(4, 'Biocal');
INSERT INTO Manufacturer(manufacturerID, name) VALUES(5, 'Nutrofertil');

-- **Table FormulationType**

INSERT INTO FormulationType(formulationTypeID, formulationTypeName) VALUES(1, 'Pó molhável');
INSERT INTO FormulationType(formulationTypeID, formulationTypeName) VALUES(2, 'Granulado');
INSERT INTO FormulationType(formulationTypeID, formulationTypeName) VALUES(3, 'Pó');
INSERT INTO FormulationType(formulationTypeID, formulationTypeName) VALUES(4, 'Líquido');
INSERT INTO FormulationType(formulationTypeID, formulationTypeName) VALUES(5, 'Emulsão de óleo em água');

-- **Table Classification**

INSERT INTO Classification(classificationID, classificationName) VALUES(1, 'Fitofármaco');
INSERT INTO Classification(classificationID, classificationName) VALUES(2, 'Adubo');
INSERT INTO Classification(classificationID, classificationName) VALUES(3, 'Corretor');

-- **Table ApplicationType**

INSERT INTO ApplicationType(applicationID, name) VALUES(1, 'Fungicida');
INSERT INTO ApplicationType(applicationID, name) VALUES(2, 'Adubo Solo');
INSERT INTO ApplicationType(applicationID, name) VALUES(3, 'Adubo foliar');
INSERT INTO ApplicationType(applicationID, name) VALUES(4, 'Fertirrega');
INSERT INTO ApplicationType(applicationID, name) VALUES(5, 'Correção solo');
INSERT INTO ApplicationType(applicationID, name) VALUES(6, 'Fungicida');
INSERT INTO ApplicationType(applicationID, name) VALUES(7, 'Insecticida');

-- **Table Component**

INSERT INTO Component(componentID, componentName) VALUES(1, 'CU');
INSERT INTO Component(componentID, componentName) VALUES(2, 'S');
INSERT INTO Component(componentID, componentName) VALUES(3, 'K');
INSERT INTO Component(componentID, componentName) VALUES(4, 'Mg');
INSERT INTO Component(componentID, componentName) VALUES(5, 'CaCO3');
INSERT INTO Component(componentID, componentName) VALUES(6, 'MgCO3');
INSERT INTO Component(componentID, componentName) VALUES(7, 'B');
INSERT INTO Component(componentID, componentName) VALUES(8, 'MgO');
INSERT INTO Component(componentID, componentName) VALUES(9, 'Mn');
INSERT INTO Component(componentID, componentName) VALUES(10, 'Bacillus pumilus');
INSERT INTO Component(componentID, componentName) VALUES(11, 'Ácidos gordos (na forma de sais de potássio)');
INSERT INTO Component(componentID, componentName) VALUES(12, 'Terpenóides');
INSERT INTO Component(componentID, componentName) VALUES(13, 'Matéria Orgânica');
INSERT INTO Component(componentID, componentName) VALUES(14, 'N');
INSERT INTO Component(componentID, componentName) VALUES(15, 'Ca');
INSERT INTO Component(componentID, componentName) VALUES(16, 'K20');
INSERT INTO Component(componentID, componentName) VALUES(17, 'P205');

-- **Table Product**

INSERT INTO Product(productID, comercialName, classificationID, formulationTypeID, manufacturerID) VALUES (1, 'Calda Bordalesa ASCENZA', 1, 1, 1);
INSERT INTO Product(productID, comercialName, classificationID, formulationTypeID, manufacturerID) VALUES (2, 'Enxofre Bayer 80 WG', 1, 1, 2);
INSERT INTO Product(productID, comercialName, classificationID, formulationTypeID, manufacturerID) VALUES (3, 'Patentkali', 2, 2, 3);
INSERT INTO Product(productID, comercialName, classificationID, formulationTypeID, manufacturerID) VALUES (4, 'ESTA Kieserit', 2, 2, 3);
INSERT INTO Product(productID, comercialName, classificationID, formulationTypeID, manufacturerID) VALUES (5, 'EPSO Microtop', 2, 2, 3);
INSERT INTO Product(productID, comercialName, classificationID, formulationTypeID, manufacturerID) VALUES (6, 'EPSO Top', 2, 2, 3);
INSERT INTO Product(productID, comercialName, classificationID, formulationTypeID, manufacturerID) VALUES (7, 'Biocal CaCo3', 3, 2, 4);
INSERT INTO Product(productID, comercialName, classificationID, formulationTypeID, manufacturerID) VALUES (8, 'Biocal Composto', 3, 3, 4);
INSERT INTO Product(productID, comercialName, classificationID, formulationTypeID, manufacturerID) VALUES (9, 'Sonata', 1, 4, 2);
INSERT INTO Product(productID, comercialName, classificationID, formulationTypeID, manufacturerID) VALUES (10, 'FLiPPER', 1, 5, 2);
INSERT INTO Product(productID, comercialName, classificationID, formulationTypeID, manufacturerID) VALUES (11, 'Requiem Prine', 1, 4, 2);
INSERT INTO Product(productID, comercialName, classificationID, formulationTypeID, manufacturerID) VALUES (12, 'Fertimax Extrume de Cavalo', 2, 2, 5);
INSERT INTO Product(productID, comercialName, classificationID, formulationTypeID, manufacturerID) VALUES (13, 'BIOFERTIL N6', 2, 2, 5);

-- **Table Datasheet**

INSERT INTO Datasheet(compositionID, productID) VALUES(1, 1);
INSERT INTO Datasheet(compositionID, productID) VALUES(2, 2);
INSERT INTO Datasheet(compositionID, productID) VALUES(3, 3);
INSERT INTO Datasheet(compositionID, productID) VALUES(4, 4);
INSERT INTO Datasheet(compositionID, productID) VALUES(5, 5);
INSERT INTO Datasheet(compositionID, productID) VALUES(6, 6);
INSERT INTO Datasheet(compositionID, productID) VALUES(7, 7);
INSERT INTO Datasheet(compositionID, productID) VALUES(8, 8);
INSERT INTO Datasheet(compositionID, productID) VALUES(9, 9);
INSERT INTO Datasheet(compositionID, productID) VALUES(10, 10);
INSERT INTO Datasheet(compositionID, productID) VALUES(11, 11);
INSERT INTO Datasheet(compositionID, productID) VALUES(12, 12);
INSERT INTO Datasheet(compositionID, productID) VALUES(13, 13);

-- **Table Component_Datasheet**

INSERT INTO Component_Datasheet(componentID, dataSheetID, quantity) VALUES(1, 1, 20.0);
INSERT INTO Component_Datasheet(componentID, dataSheetID, quantity) VALUES(2, 2, 80.0);
INSERT INTO Component_Datasheet(componentID, dataSheetID, quantity) VALUES(3, 3, 24.9);
INSERT INTO Component_Datasheet(componentID, dataSheetID, quantity) VALUES(4, 3, 6.0);
INSERT INTO Component_Datasheet(componentID, dataSheetID, quantity) VALUES(2, 3, 17.6);
INSERT INTO Component_Datasheet(componentID, dataSheetID, quantity) VALUES(4, 4, 15.1);
INSERT INTO Component_Datasheet(componentID, dataSheetID, quantity) VALUES(2, 4, 20.8);
INSERT INTO Component_Datasheet(componentID, dataSheetID, quantity) VALUES(4, 5, 9.0);
INSERT INTO Component_Datasheet(componentID, dataSheetID, quantity) VALUES(2, 5, 12.4);
INSERT INTO Component_Datasheet(componentID, dataSheetID, quantity) VALUES(7, 5, 0.90);
INSERT INTO Component_Datasheet(componentID, dataSheetID, quantity) VALUES(9, 5, 1);
INSERT INTO Component_Datasheet(componentID, dataSheetID, quantity) VALUES(4, 6, 9.6);
INSERT INTO Component_Datasheet(componentID, dataSheetID, quantity) VALUES(2, 6, 13);
INSERT INTO Component_Datasheet(componentID, dataSheetID, quantity) VALUES(5, 7, 88.2);
INSERT INTO Component_Datasheet(componentID, dataSheetID, quantity) VALUES(6, 7, 1.90);
INSERT INTO Component_Datasheet(componentID, dataSheetID, quantity) VALUES(5, 8, 71.7);
INSERT INTO Component_Datasheet(componentID, dataSheetID, quantity) VALUES(6, 8, 14.8);
INSERT INTO Component_Datasheet(componentID, dataSheetID, quantity) VALUES(8, 8, 7.90);
INSERT INTO Component_Datasheet(componentID, dataSheetID, quantity) VALUES(10, 9, 97.74);
INSERT INTO Component_Datasheet(componentID, dataSheetID, quantity) VALUES(11, 10, 47.80);
INSERT INTO Component_Datasheet(componentID, dataSheetID, quantity) VALUES(12, 11, 14.42);
INSERT INTO Component_Datasheet(componentID, dataSheetID, quantity) VALUES(13, 12, 50);
INSERT INTO Component_Datasheet(componentID, dataSheetID, quantity) VALUES(14, 12, 3);
INSERT INTO Component_Datasheet(componentID, dataSheetID, quantity) VALUES(17, 12, 0.8);
INSERT INTO Component_Datasheet(componentID, dataSheetID, quantity) VALUES(16, 12, 0.4);
INSERT INTO Component_Datasheet(componentID, dataSheetID, quantity) VALUES(15, 12, 1.6);
INSERT INTO Component_Datasheet(componentID, dataSheetID, quantity) VALUES(8, 12, 0.3);
INSERT INTO Component_Datasheet(componentID, dataSheetID, quantity) VALUES(7, 12, 0.004);
INSERT INTO Component_Datasheet(componentID, dataSheetID, quantity) VALUES(13, 13, 53);
INSERT INTO Component_Datasheet(componentID, dataSheetID, quantity) VALUES(14, 13, 6.4);
INSERT INTO Component_Datasheet(componentID, dataSheetID, quantity) VALUES(17, 13, 2.5);
INSERT INTO Component_Datasheet(componentID, dataSheetID, quantity) VALUES(16, 13, 2.4);
INSERT INTO Component_Datasheet(componentID, dataSheetID, quantity) VALUES(15, 13, 6);
INSERT INTO Component_Datasheet(componentID, dataSheetID, quantity) VALUES(8, 13, 0.3);
INSERT INTO Component_Datasheet(componentID, dataSheetID, quantity) VALUES(7, 13, 0.002);

-- **Table ApplicationType_Product**

INSERT INTO ApplicationType_Product(applicationID, productID) VALUES(1, 1);
INSERT INTO ApplicationType_Product(applicationID, productID) VALUES(1, 2);
INSERT INTO ApplicationType_Product(applicationID, productID) VALUES(2, 3);
INSERT INTO ApplicationType_Product(applicationID, productID) VALUES(2, 4);
INSERT INTO ApplicationType_Product(applicationID, productID) VALUES(3, 5);
INSERT INTO ApplicationType_Product(applicationID, productID) VALUES(4, 5);
INSERT INTO ApplicationType_Product(applicationID, productID) VALUES(3, 6);
INSERT INTO ApplicationType_Product(applicationID, productID) VALUES(5, 7);
INSERT INTO ApplicationType_Product(applicationID, productID) VALUES(6, 9);
INSERT INTO ApplicationType_Product(applicationID, productID) VALUES(7, 10);
INSERT INTO ApplicationType_Product(applicationID, productID) VALUES(7, 11);
INSERT INTO ApplicationType_Product(applicationID, productID) VALUES(2, 12);
INSERT INTO ApplicationType_Product(applicationID, productID) VALUES(2, 13);

-- **Table UnityOfMeasurement**

INSERT INTO UnityOfMeasurement(unityID, name) VALUES(0, 'undefined');
INSERT INTO UnityOfMeasurement(unityID, name) VALUES(1, 'm2');
INSERT INTO UnityOfMeasurement(unityID, name) VALUES(2, 'm3');
INSERT INTO UnityOfMeasurement(unityID, name) VALUES(3, 'ha');
INSERT INTO UnityOfMeasurement(unityID, name) VALUES(4, 'un');
INSERT INTO UnityOfMeasurement(unityID, name) VALUES(5, 'kg');
INSERT INTO UnityOfMeasurement(unityID, name) VALUES(6, '%');

-- **Table AgriculturalParcel**

INSERT INTO AgriculturalParcel(parcelID, designation, area) values (101, 'Campo da bouça', '1,2');
INSERT INTO AgriculturalParcel(parcelID, designation, area) values (102, 'Campo grande', '3');
INSERT INTO AgriculturalParcel(parcelID, designation, area) values (103, 'Campo do poço', '1,5');
INSERT INTO AgriculturalParcel(parcelID, designation, area) values (104, 'Lameiro da ponte', '0,8');
INSERT INTO AgriculturalParcel(parcelID, designation, area) values (105, 'Lameiro do moinho', '1,1');
INSERT INTO AgriculturalParcel(parcelID, designation, area) values (106, 'Horta nova', '0,3');
INSERT INTO AgriculturalParcel(parcelID, designation, area) values (107, 'Vinha', '2');
INSERT INTO AgriculturalParcel(parcelID, designation, area) values (108, 'Campo Novo', '1,1');

-- **Table Building**

INSERT INTO Building(buildingID, designation) values (201, 'Espigueiro');
INSERT INTO Building(buildingID, designation) values (202, 'Armazém novo');
INSERT INTO Building(buildingID, designation) values (203, 'Armazém grande');
INSERT INTO Building(buildingID, designation) values (250, 'Moinho');
INSERT INTO Building(buildingID, designation) values (301, 'Tanque do campo grande');
INSERT INTO Building(buildingID, designation) values (302, 'Poço da bouça');

-- **Table Storage**

INSERT INTO Storage(area, buildingId, unityOfMeasurement) values (600, 201, 1);
INSERT INTO Storage(area, buildingId, unityOfMeasurement) values (800, 202, 1);

-- **Table Garage**

INSERT INTO Garage(area, buildingId, unityOfMeasurement) values (900, 203, 1);

-- **Table Mill**

INSERT INTO Mill(buildingId) values (250);

-- **Table WateringSystem**

INSERT INTO WateringSystem(capacity, buildingId, unityOfMeasurement) values (18, 301, 2);
INSERT INTO WateringSystem(capacity, buildingId, unityOfMeasurement) values (35, 302, 2);





