INSERT INTO PlantType (plantTypeID, typeName) values (1, 'Temporária');
INSERT INTO PlantType (plantTypeID, typeName) values (2, 'Permanente');

INSERT INTO Species(speciesID, speciesName, commonName, plantationPeriod, pruningPeriod, floweringPeriod, harvestPeriod) values (1, 'Prunus domestica', 'Ameixoeira', '', 'Novembro a dezembro', 'Fevereiro a março', 'Julho a agosto');
INSERT INTO Species(speciesID, speciesName, commonName, plantationPeriod, pruningPeriod, floweringPeriod, harvestPeriod) values (2, 'Prunus armeniaca', 'Damasqueiro', '', 'Novembro a dezembro', 'Fevereiro a março', 'Julho a agosto');
INSERT INTO Species(speciesID, speciesName, commonName, plantationPeriod, pruningPeriod, floweringPeriod, harvestPeriod) values (3, 'Malus domestica', 'Macieira', '', 'Novembro a dezembro', 'Março a abril', 'Agosto a setembro');
INSERT INTO Species(speciesID, speciesName, commonName, plantationPeriod, pruningPeriod, floweringPeriod, harvestPeriod) values (4, 'Pyrus pyrifolia', 'Pera Nashi', '', '', '', '');
INSERT INTO Species(speciesID, speciesName, commonName, plantationPeriod, pruningPeriod, floweringPeriod, harvestPeriod) values (5, 'Daucus carota subsp. Sativus', 'Cenoura', '', '', '', '80 dias');
INSERT INTO Species(speciesID, speciesName, commonName, plantationPeriod, pruningPeriod, floweringPeriod, harvestPeriod) values (6, 'Lupinus luteus', 'Tremoço', '', '', '', '');
INSERT INTO Species(speciesID, speciesName, commonName, plantationPeriod, pruningPeriod, floweringPeriod, harvestPeriod) values (11, 'Lupinus albus', 'Tremoço', '', '', '', '');
INSERT INTO Species(speciesID, speciesName, commonName, plantationPeriod, pruningPeriod, floweringPeriod, harvestPeriod) values (7, 'Zea mays', 'Milho', 'Abril a junho', '', '', 'Julho a setembro');
INSERT INTO Species(speciesID, speciesName, commonName, plantationPeriod, pruningPeriod, floweringPeriod, harvestPeriod) values (8, 'Brassica rapa', 'Nabo greleiro', 'Março a setembro', '', '', 'Junho a fevereiro');
INSERT INTO Species(speciesID, speciesName, commonName, plantationPeriod, pruningPeriod, floweringPeriod, harvestPeriod) values (9, 'Olea europaea', 'Oliveira', '', '', '', 'Outubro a novembro');
INSERT INTO Species(speciesID, speciesName, commonName, plantationPeriod, pruningPeriod, floweringPeriod, harvestPeriod) values (13, 'Brassica rapa', 'Nabo', 'Fevereiro a abril, agosto a outubro', '', '', '90 dias');
INSERT INTO Species(speciesID, speciesName, commonName, plantationPeriod, pruningPeriod, floweringPeriod, harvestPeriod) values (12, 'Vitis vinifera', 'Videira', '', 'Dezembro a janeiro', 'Maio', 'Junho a agosto');
INSERT INTO Species(speciesID, speciesName, commonName, plantationPeriod, pruningPeriod, floweringPeriod, harvestPeriod) values (14, 'Vitis vinifera', 'Videira', '', 'Dezembro a janeiro', 'Maio', 'Junho a agosto');
INSERT INTO Species(speciesID, speciesName, commonName, plantationPeriod, pruningPeriod, floweringPeriod, harvestPeriod) values (10, 'Cucurbita moschata', 'Abóbora manteiga', '', '', '', '');

INSERT INTO Plant(plantID, name, speciesID, plantTypeID) values (1, 'RAINHA CLAUDIA CARANGUEJEIRA', 1, 1);
INSERT INTO Plant(plantID, name, speciesID, plantTypeID) values (2, 'PRESIDENT', 1, 1);
INSERT INTO Plant(plantID, name, speciesID, plantTypeID) values (3, 'STANLEY', 1, 1);
INSERT INTO Plant(plantID, name, speciesID, plantTypeID) values (4, 'ANGELENO', 1, 1);
INSERT INTO Plant(plantID, name, speciesID, plantTypeID) values (5, 'BLACK BEAUTY', 1, 1);
INSERT INTO Plant(plantID, name, speciesID, plantTypeID) values (6, 'BLACK STAR', 1, 1);
INSERT INTO Plant(plantID, name, speciesID, plantTypeID) values (7, 'BLACK GOLD', 1, 1);
INSERT INTO Plant(plantID, name, speciesID, plantTypeID) values (8, 'BLACK DIAMOND', 1, 1);
INSERT INTO Plant(plantID, name, speciesID, plantTypeID) values (9, 'BLACK AMBER', 1, 1);
INSERT INTO Plant(plantID, name, speciesID, plantTypeID) values (10, 'BLACK SPLENDOR', 1, 1);
INSERT INTO Plant(plantID, name, speciesID, plantTypeID) values (11, 'FORTUNA', 1, 1);
INSERT INTO Plant(plantID, name, speciesID, plantTypeID) values (12, 'FRIAR', 1, 1);
INSERT INTO Plant(plantID, name, speciesID, plantTypeID) values (13, 'EL DORADO', 1, 1);
INSERT INTO Plant(plantID, name, speciesID, plantTypeID) values (14, 'ELEPHANT HEART', 1, 1);
INSERT INTO Plant(plantID, name, speciesID, plantTypeID) values (15, 'GOLDEN JAPAN', 1, 1);
INSERT INTO Plant(plantID, name, speciesID, plantTypeID) values (16, 'HARRY PITCHON', 1, 1);
INSERT INTO Plant(plantID, name, speciesID, plantTypeID) values (17, 'LAETITIA', 1, 1);
INSERT INTO Plant(plantID, name, speciesID, plantTypeID) values (18, 'METLEY', 1, 1);
INSERT INTO Plant(plantID, name, speciesID, plantTypeID) values (19, 'MIRABELLE DE NANCY', 1, 1);
INSERT INTO Plant(plantID, name, speciesID, plantTypeID) values (20, 'QUEEN ROSE', 1, 1);
INSERT INTO Plant(plantID, name, speciesID, plantTypeID) values (21, 'RED BEAUT', 1, 1);
INSERT INTO Plant(plantID, name, speciesID, plantTypeID) values (22, 'SANTA ROSA', 1, 1);
INSERT INTO Plant(plantID, name, speciesID, plantTypeID) values (23, 'SHIRO', 1, 1);
INSERT INTO Plant(plantID, name, speciesID, plantTypeID) values (24, 'SUNGOLD', 1, 1);
INSERT INTO Plant(plantID, name, speciesID, plantTypeID) values (25, 'WILSON PERFECTION', 1, 1);
INSERT INTO Plant(plantID, name, speciesID, plantTypeID) values (26, 'AUTUMN GIANT', 1, 1);
INSERT INTO Plant(plantID, name, speciesID, plantTypeID) values (27, 'BULIDA', 2, 1);
INSERT INTO Plant(plantID, name, speciesID, plantTypeID) values (28, 'CANINO', 2, 1);
INSERT INTO Plant(plantID, name, speciesID, plantTypeID) values (29, 'LIABAUD', 2, 1);
INSERT INTO Plant(plantID, name, speciesID, plantTypeID) values (30, 'MAILLOT JAUNE', 2, 1);
INSERT INTO Plant(plantID, name, speciesID, plantTypeID) values (31, 'POLONAIS', 2, 1);
INSERT INTO Plant(plantID, name, speciesID, plantTypeID) values (32, 'AKANE', 3, 1);
INSERT INTO Plant(plantID, name, speciesID, plantTypeID) values (33, 'BELGOLDEN', 3, 1);
INSERT INTO Plant(plantID, name, speciesID, plantTypeID) values (34, 'BRAVO DE ESMOLFE', 3, 1);
INSERT INTO Plant(plantID, name, speciesID, plantTypeID) values (35, 'CASA NOVA DE ALCOBAÇA', 3, 1);
INSERT INTO Plant(plantID, name, speciesID, plantTypeID) values (36, 'EROVAN', 3, 1);
INSERT INTO Plant(plantID, name, speciesID, plantTypeID) values (37, 'FUJI', 3, 1);
INSERT INTO Plant(plantID, name, speciesID, plantTypeID) values (38, 'GRANNY SMITH', 3, 1);
INSERT INTO Plant(plantID, name, speciesID, plantTypeID) values (39, 'GOLDEN DELICIOUS', 3, 1);
INSERT INTO Plant(plantID, name, speciesID, plantTypeID) values (40, 'HI-EARLY', 3, 1);
INSERT INTO Plant(plantID, name, speciesID, plantTypeID) values (41, 'JONAGORED', 3, 1);
INSERT INTO Plant(plantID, name, speciesID, plantTypeID) values (42, 'LYSGOLDEN', 3, 1);
INSERT INTO Plant(plantID, name, speciesID, plantTypeID) values (43, 'MUTSU', 3, 1);
INSERT INTO Plant(plantID, name, speciesID, plantTypeID) values (44, 'PORTA DA LOJA', 3, 1);
INSERT INTO Plant(plantID, name, speciesID, plantTypeID) values (45, 'REINETTE OU CANADA', 3, 1);
INSERT INTO Plant(plantID, name, speciesID, plantTypeID) values (46, 'REINETTE OU GRAND FAY', 3, 1);
INSERT INTO Plant(plantID, name, speciesID, plantTypeID) values (47, 'RISCADINHA DE PALMELA', 3, 1);
INSERT INTO Plant(plantID, name, speciesID, plantTypeID) values (48, 'ROYAL GALA', 3, 1);
INSERT INTO Plant(plantID, name, speciesID, plantTypeID) values (49, 'REDCHIEF', 3, 1);
INSERT INTO Plant(plantID, name, speciesID, plantTypeID) values (50, 'STARKING', 3, 1);
INSERT INTO Plant(plantID, name, speciesID, plantTypeID) values (51, 'SUMMER RED', 3, 1);
INSERT INTO Plant(plantID, name, speciesID, plantTypeID) values (52, 'WELL´SPUR DELICIOUS', 3, 1);
INSERT INTO Plant(plantID, name, speciesID, plantTypeID) values (53, 'NOIVA', 3, 1);
INSERT INTO Plant(plantID, name, speciesID, plantTypeID) values (54, 'OLHO ABERTO', 3, 1);
INSERT INTO Plant(plantID, name, speciesID, plantTypeID) values (55, 'CAMOESA ROSA', 3, 1);
INSERT INTO Plant(plantID, name, speciesID, plantTypeID) values (56, 'MALÁPIO', 3, 1);
INSERT INTO Plant(plantID, name, speciesID, plantTypeID) values (57, 'GRONHO DOCE', 3, 1);
INSERT INTO Plant(plantID, name, speciesID, plantTypeID) values (58, 'PÉ DE BOI ', 3, 1);
INSERT INTO Plant(plantID, name, speciesID, plantTypeID) values (59, 'PINOVA', 3, 1);
INSERT INTO Plant(plantID, name, speciesID, plantTypeID) values (60, 'PARDO LINDO', 3, 1);
INSERT INTO Plant(plantID, name, speciesID, plantTypeID) values (61, 'PIPO DE BASTO', 3, 1);
INSERT INTO Plant(plantID, name, speciesID, plantTypeID) values (62, 'PRIMA', 3, 1);
INSERT INTO Plant(plantID, name, speciesID, plantTypeID) values (63, 'QUERINA', 3, 1);
INSERT INTO Plant(plantID, name, speciesID, plantTypeID) values (64, 'VISTA BELLA', 3, 1);
INSERT INTO Plant(plantID, name, speciesID, plantTypeID) values (65, 'GOLDEN SMOOTHEE', 3, 1);
INSERT INTO Plant(plantID, name, speciesID, plantTypeID) values (66, 'GOLDEN SUPREMA', 3, 1);
INSERT INTO Plant(plantID, name, speciesID, plantTypeID) values (67, 'GLOSTER 69', 3, 1);
INSERT INTO Plant(plantID, name, speciesID, plantTypeID) values (68, 'FREEDOM', 3, 1);
INSERT INTO Plant(plantID, name, speciesID, plantTypeID) values (69, 'SNINSEIKI', 4, 1);
INSERT INTO Plant(plantID, name, speciesID, plantTypeID) values (70, 'KUMOI', 4, 1);
INSERT INTO Plant(plantID, name, speciesID, plantTypeID) values (71, 'HOSUI', 4, 1);
INSERT INTO Plant(plantID, name, speciesID, plantTypeID) values (72, 'NIJISSEIKI', 4, 1);
INSERT INTO Plant(plantID, name, speciesID, plantTypeID) values (73, 'Carson Hybrid', 5, 2);
INSERT INTO Plant(plantID, name, speciesID, plantTypeID) values (74, 'Red Cored Chantenay', 5, 2);
INSERT INTO Plant(plantID, name, speciesID, plantTypeID) values (75, 'Danvers Half Long', 5, 2);
INSERT INTO Plant(plantID, name, speciesID, plantTypeID) values (76, 'Imperator 58', 5, 2);
INSERT INTO Plant(plantID, name, speciesID, plantTypeID) values (77, 'Sugarsnax Hybrid', 5, 2);
INSERT INTO Plant(plantID, name, speciesID, plantTypeID) values (78, 'Nelson Hybrid', 5, 2);
INSERT INTO Plant(plantID, name, speciesID, plantTypeID) values (79, 'Scarlet Nantes', 5, 2);
INSERT INTO Plant(plantID, name, speciesID, plantTypeID) values (80, 'Amarelo', 6, 2);
INSERT INTO Plant(plantID, name, speciesID, plantTypeID) values (81, 'Branco', 11, 2);
INSERT INTO Plant(plantID, name, speciesID, plantTypeID) values (82, 'MAS 24.C', 7, 2);
INSERT INTO Plant(plantID, name, speciesID, plantTypeID) values (83, 'Doce Golden Bantam', 7, 2);
INSERT INTO Plant(plantID, name, speciesID, plantTypeID) values (84, 'Senhora Conceição', 8, 2);
INSERT INTO Plant(plantID, name, speciesID, plantTypeID) values (85, 'COBRANÇOSA', 9, 1);
INSERT INTO Plant(plantID, name, speciesID, plantTypeID) values (86, 'ARBEQUINA', 9, 1);
INSERT INTO Plant(plantID, name, speciesID, plantTypeID) values (87, 'HOJIBLANCA', 9, 1);
INSERT INTO Plant(plantID, name, speciesID, plantTypeID) values (88, 'NEGRINHA DO FREIXO', 9, 1);
INSERT INTO Plant(plantID, name, speciesID, plantTypeID) values (89, 'PICUAL', 9, 1);
INSERT INTO Plant(plantID, name, speciesID, plantTypeID) values (90, 'MAÇANILHA', 9, 1);
INSERT INTO Plant(plantID, name, speciesID, plantTypeID) values (91, 'CONSERVA DE ELVAS', 9, 1);
INSERT INTO Plant(plantID, name, speciesID, plantTypeID) values (92, 'Galega ', 9, 1);
INSERT INTO Plant(plantID, name, speciesID, plantTypeID) values (93, 'S. Cosme', 8, 2);
INSERT INTO Plant(plantID, name, speciesID, plantTypeID) values (94, 'Dona Maria', 9, 1);
INSERT INTO Plant(plantID, name, speciesID, plantTypeID) values (95, 'Cardinal', 9, 1);
INSERT INTO Plant(plantID, name, speciesID, plantTypeID) values (96, 'Butternut', 10, 2);
INSERT INTO Plant(plantID, name, speciesID, plantTypeID) values (97, 'Canada', 3, 1);
INSERT INTO Plant(plantID, name, speciesID, plantTypeID) values (98, 'Grand Fay', 3, 1);

INSERT INTO Product(plantID, designation) values (1, 'Ameixoeira RAINHA CLAUDIA CARANGUEJEIRA');
INSERT INTO Product(plantID, designation) values (2, 'Ameixoeira PRESIDENT');
INSERT INTO Product(plantID, designation) values (3, 'Ameixoeira STANLEY');
INSERT INTO Product(plantID, designation) values (4, 'Ameixoeira ANGELENO');
INSERT INTO Product(plantID, designation) values (5, 'Ameixoeira BLACK BEAUTY');
INSERT INTO Product(plantID, designation) values (6, 'Ameixoeira BLACK STAR');
INSERT INTO Product(plantID, designation) values (7, 'Ameixoeira BLACK GOLD');
INSERT INTO Product(plantID, designation) values (8, 'Ameixoeira BLACK DIAMOND');
INSERT INTO Product(plantID, designation) values (9, 'Ameixoeira BLACK AMBER');
INSERT INTO Product(plantID, designation) values (10, 'Ameixoeira BLACK SPLENDOR');
INSERT INTO Product(plantID, designation) values (11, 'Ameixoeira FORTUNA');
INSERT INTO Product(plantID, designation) values (12, 'Ameixoeira FRIAR');
INSERT INTO Product(plantID, designation) values (13, 'Ameixoeira EL DORADO');
INSERT INTO Product(plantID, designation) values (14, 'Ameixoeira ELEPHANT HEART');
INSERT INTO Product(plantID, designation) values (15, 'Ameixoeira GOLDEN JAPAN');
INSERT INTO Product(plantID, designation) values (16, 'Ameixoeira HARRY PITCHON');
INSERT INTO Product(plantID, designation) values (17, 'Ameixoeira LAETITIA');
INSERT INTO Product(plantID, designation) values (18, 'Ameixoeira METLEY');
INSERT INTO Product(plantID, designation) values (19, 'Ameixoeira MIRABELLE DE NANCY');
INSERT INTO Product(plantID, designation) values (20, 'Ameixoeira QUEEN ROSE');
INSERT INTO Product(plantID, designation) values (21, 'Ameixoeira RED BEAUT');
INSERT INTO Product(plantID, designation) values (22, 'Ameixoeira SANTA ROSA');
INSERT INTO Product(plantID, designation) values (23, 'Ameixoeira SHIRO');
INSERT INTO Product(plantID, designation) values (24, 'Ameixoeira SUNGOLD');
INSERT INTO Product(plantID, designation) values (25, 'Ameixoeira WILSON PERFECTION');
INSERT INTO Product(plantID, designation) values (26, 'Ameixoeira AUTUMN GIANT');
INSERT INTO Product(plantID, designation) values (27, 'Damasqueiro BULIDA');
INSERT INTO Product(plantID, designation) values (28, 'Damasqueiro CANINO');
INSERT INTO Product(plantID, designation) values (29, 'Damasqueiro LIABAUD');
INSERT INTO Product(plantID, designation) values (30, 'Damasqueiro MAILLOT JAUNE');
INSERT INTO Product(plantID, designation) values (31, 'Damasqueiro POLONAIS');
INSERT INTO Product(plantID, designation) values (32, 'Macieira AKANE');
INSERT INTO Product(plantID, designation) values (33, 'Macieira BELGOLDEN');
INSERT INTO Product(plantID, designation) values (34, 'Macieira BRAVO DE ESMOLFE');
INSERT INTO Product(plantID, designation) values (35, 'Macieira CASA NOVA DE ALCOBAÇA');
INSERT INTO Product(plantID, designation) values (36, 'Macieira EROVAN');
INSERT INTO Product(plantID, designation) values (37, 'Macieira FUJI');
INSERT INTO Product(plantID, designation) values (38, 'Macieira GRANNY SMITH');
INSERT INTO Product(plantID, designation) values (39, 'Macieira GOLDEN DELICIOUS');
INSERT INTO Product(plantID, designation) values (40, 'Macieira HI-EARLY');
INSERT INTO Product(plantID, designation) values (41, 'Macieira JONAGORED');
INSERT INTO Product(plantID, designation) values (42, 'Macieira LYSGOLDEN');
INSERT INTO Product(plantID, designation) values (43, 'Macieira MUTSU');
INSERT INTO Product(plantID, designation) values (44, 'Macieira PORTA DA LOJA');
INSERT INTO Product(plantID, designation) values (45, 'Macieira REINETTE OU CANADA');
INSERT INTO Product(plantID, designation) values (46, 'Macieira REINETTE OU GRAND FAY');
INSERT INTO Product(plantID, designation) values (47, 'Macieira RISCADINHA DE PALMELA');
INSERT INTO Product(plantID, designation) values (48, 'Macieira ROYAL GALA');
INSERT INTO Product(plantID, designation) values (49, 'Macieira REDCHIEF');
INSERT INTO Product(plantID, designation) values (50, 'Macieira STARKING');
INSERT INTO Product(plantID, designation) values (51, 'Macieira SUMMER RED');
INSERT INTO Product(plantID, designation) values (52, 'Macieira WELL´SPUR DELICIOUS');
INSERT INTO Product(plantID, designation) values (53, 'Macieira NOIVA');
INSERT INTO Product(plantID, designation) values (54, 'Macieira OLHO ABERTO');
INSERT INTO Product(plantID, designation) values (55, 'Macieira CAMOESA ROSA');
INSERT INTO Product(plantID, designation) values (56, 'Macieira MALÁPIO');
INSERT INTO Product(plantID, designation) values (57, 'Macieira GRONHO DOCE');
INSERT INTO Product(plantID, designation) values (58, 'Macieira PÉ DE BOI ');
INSERT INTO Product(plantID, designation) values (59, 'Macieira PINOVA');
INSERT INTO Product(plantID, designation) values (60, 'Macieira PARDO LINDO');
INSERT INTO Product(plantID, designation) values (61, 'Macieira PIPO DE BASTO');
INSERT INTO Product(plantID, designation) values (62, 'Macieira PRIMA');
INSERT INTO Product(plantID, designation) values (63, 'Macieira QUERINA');
INSERT INTO Product(plantID, designation) values (64, 'Macieira VISTA BELLA');
INSERT INTO Product(plantID, designation) values (65, 'Macieira GOLDEN SMOOTHEE');
INSERT INTO Product(plantID, designation) values (66, 'Macieira GOLDEN SUPREMA');
INSERT INTO Product(plantID, designation) values (67, 'Macieira GLOSTER 69');
INSERT INTO Product(plantID, designation) values (68, 'Macieira FREEDOM');
INSERT INTO Product(plantID, designation) values (69, 'Pera Nashi SNINSEIKI');
INSERT INTO Product(plantID, designation) values (70, 'Pera Nashi KUMOI');
INSERT INTO Product(plantID, designation) values (71, 'Pera Nashi HOSUI');
INSERT INTO Product(plantID, designation) values (72, 'Pera Nashi NIJISSEIKI');
INSERT INTO Product(plantID, designation) values (73, 'Cenoura Carson Hybrid');
INSERT INTO Product(plantID, designation) values (74, 'Cenoura Red Cored Chantenay');
INSERT INTO Product(plantID, designation) values (75, 'Cenoura Danvers Half Long');
INSERT INTO Product(plantID, designation) values (76, 'Cenoura Imperator 58');
INSERT INTO Product(plantID, designation) values (77, 'Cenoura Sugarsnax Hybrid');
INSERT INTO Product(plantID, designation) values (78, 'Cenoura Nelson Hybrid');
INSERT INTO Product(plantID, designation) values (79, 'Cenoura Scarlet Nantes');
INSERT INTO Product(plantID, designation) values (80, 'Tremoço Amarelo');
INSERT INTO Product(plantID, designation) values (81, 'Tremoço Branco');
INSERT INTO Product(plantID, designation) values (82, 'Milho MAS 24.C');
INSERT INTO Product(plantID, designation) values (83, 'Milho Doce Golden Bantam');
INSERT INTO Product(plantID, designation) values (84, 'Nabo greleiro Senhora Conceição');
INSERT INTO Product(plantID, designation) values (85, 'Oliveira COBRANÇOSA');
INSERT INTO Product(plantID, designation) values (86, 'Oliveira ARBEQUINA');
INSERT INTO Product(plantID, designation) values (87, 'Oliveira HOJIBLANCA');
INSERT INTO Product(plantID, designation) values (88, 'Oliveira NEGRINHA DO FREIXO');
INSERT INTO Product(plantID, designation) values (89, 'Oliveira PICUAL');
INSERT INTO Product(plantID, designation) values (90, 'Oliveira MAÇANILHA');
INSERT INTO Product(plantID, designation) values (91, 'Oliveira CONSERVA DE ELVAS');
INSERT INTO Product(plantID, designation) values (92, 'Oliveira Galega ');
INSERT INTO Product(plantID, designation) values (93, 'Nabo S. Cosme');
INSERT INTO Product(plantID, designation) values (94, 'Videira Dona Maria');
INSERT INTO Product(plantID, designation) values (95, 'Videira Cardinal');
INSERT INTO Product(plantID, designation) values (96, 'Abóbora manteiga Butternut');
INSERT INTO Product(plantID, designation) values (97, 'Macieira Canada');
INSERT INTO Product(plantID, designation) values (98, 'Macieira Grand Fay');

INSERT INTO ApplicationType(applicationID, name) values (1, 'Fungicida');
INSERT INTO ApplicationType(applicationID, name) values (2, 'Adubo solo');
INSERT INTO ApplicationType(applicationID, name) values (3, 'Adubo foliar+Fertirrega');
INSERT INTO ApplicationType(applicationID, name) values (4, 'Adubo foliar');
INSERT INTO ApplicationType(applicationID, name) values (5, 'Correção solo');
INSERT INTO ApplicationType(applicationID, name) values (6, 'Insecticida');
INSERT INTO ApplicationType(applicationID, name) values (7, 'Fertirrega');

INSERT INTO Classification(classificationID, classificationName) values (1, 'Fitofármaco');
INSERT INTO Classification(classificationID, classificationName) values (2, 'Adubo');
INSERT INTO Classification(classificationID, classificationName) values (3, 'Corretor');

INSERT INTO FormulationType(formulationTypeID, formulationTypeName) values (1, 'Pó molhável');
INSERT INTO FormulationType(formulationTypeID, formulationTypeName) values (2, 'Granulado');
INSERT INTO FormulationType(formulationTypeID, formulationTypeName) values (3, 'Pó');
INSERT INTO FormulationType(formulationTypeID, formulationTypeName) values (4, 'Líquido');
INSERT INTO FormulationType(formulationTypeID, formulationTypeName) values (5, 'Emulsão de óleo em água');

INSERT INTO Manufacturer(manufacturerID, name ) values (1, 'ASCENZA');
INSERT INTO Manufacturer(manufacturerID, name ) values (2, 'Bayer');
INSERT INTO Manufacturer(manufacturerID, name ) values (3, 'K+S');
INSERT INTO Manufacturer(manufacturerID, name ) values (4, 'Biocal');
INSERT INTO Manufacturer(manufacturerID, name ) values (5, 'Nutrofertil');
INSERT INTO Manufacturer(manufacturerID, name ) values (6, 'Tecniferti');
INSERT INTO Manufacturer(manufacturerID, name ) values (7, 'Plymag');
INSERT INTO Manufacturer(manufacturerID, name ) values (8, 'Asfertglobal');

INSERT INTO ProductionFactor(productionFactorID, comercialName, classificationID, formulationTypeID, manufacturerID) values (1, 'Calda Bordalesa ASCENZA', 1, 1, 1);
INSERT INTO ProductionFactor(productionFactorID, comercialName, classificationID, formulationTypeID, manufacturerID) values (2, 'Enxofre Bayer 80 WG', 1, 1, 2);
INSERT INTO ProductionFactor(productionFactorID, comercialName, classificationID, formulationTypeID, manufacturerID) values (3, 'Patentkali', 2, 2, 3);
INSERT INTO ProductionFactor(productionFactorID, comercialName, classificationID, formulationTypeID, manufacturerID) values (4, 'ESTA Kieserit', 2, 2, 3);
INSERT INTO ProductionFactor(productionFactorID, comercialName, classificationID, formulationTypeID, manufacturerID) values (5, 'EPSO Microtop', 2, 2, 3);
INSERT INTO ProductionFactor(productionFactorID, comercialName, classificationID, formulationTypeID, manufacturerID) values (6, 'EPSO Top', 2, 2, 3);
INSERT INTO ProductionFactor(productionFactorID, comercialName, classificationID, formulationTypeID, manufacturerID) values (7, 'Biocal CaCo3', 3, 2, 4);
INSERT INTO ProductionFactor(productionFactorID, comercialName, classificationID, formulationTypeID, manufacturerID) values (8, 'Biocal Composto', 3, 3, 4);
INSERT INTO ProductionFactor(productionFactorID, comercialName, classificationID, formulationTypeID, manufacturerID) values (9, 'Sonata', 1, 4, 2);
INSERT INTO ProductionFactor(productionFactorID, comercialName, classificationID, formulationTypeID, manufacturerID) values (10, 'FLiPPER ', 1, 5, 2);
INSERT INTO ProductionFactor(productionFactorID, comercialName, classificationID, formulationTypeID, manufacturerID) values (11, 'Requiem Prime', 1, 4, 2);
INSERT INTO ProductionFactor(productionFactorID, comercialName, classificationID, formulationTypeID, manufacturerID) values (12, 'Fertimax Extrume de Cavalo', 2, 2, 5);
INSERT INTO ProductionFactor(productionFactorID, comercialName, classificationID, formulationTypeID, manufacturerID) values (13, 'BIOFERTIL N6', 2, 2, 5);
INSERT INTO ProductionFactor(productionFactorID, comercialName, classificationID, formulationTypeID, manufacturerID) values (14, 'Tecniferti MOL', 2, 4, 6);
INSERT INTO ProductionFactor(productionFactorID, comercialName, classificationID, formulationTypeID, manufacturerID) values (15, 'soluSOP 52', 2, 3, 3);
INSERT INTO ProductionFactor(productionFactorID, comercialName, classificationID, formulationTypeID, manufacturerID) values (16, 'Floracal Flow SL', 2, 4, 7);
INSERT INTO ProductionFactor(productionFactorID, comercialName, classificationID, formulationTypeID, manufacturerID) values (17, 'Kiplant AllGrip', 2, 4, 8);
INSERT INTO ProductionFactor(productionFactorID, comercialName, classificationID, formulationTypeID, manufacturerID) values (18, 'Cuperdem', 2, 4, 8);

INSERT INTO Revenue(revenueID) values (10);
INSERT INTO Revenue(revenueID) values (11);

INSERT INTO Revenue_ProductionFactor(revenueID, productionFactorID, quantity) values (10, 6, 1.5);
INSERT INTO Revenue_ProductionFactor(revenueID, productionFactorID, quantity) values (10, 15, 2.5);
INSERT INTO Revenue_ProductionFactor(revenueID, productionFactorID, quantity) values (10, 16, 1.7);
INSERT INTO Revenue_ProductionFactor(revenueID, productionFactorID, quantity) values (11, 14, 60);
INSERT INTO Revenue_ProductionFactor(revenueID, productionFactorID, quantity) values (11, 17, 2);

INSERT INTO ApplicationType_Product(productionFactorID, applicationID) values (1, 1);
INSERT INTO ApplicationType_Product(productionFactorID, applicationID) values (2, 1);
INSERT INTO ApplicationType_Product(productionFactorID, applicationID) values (3, 2);
INSERT INTO ApplicationType_Product(productionFactorID, applicationID) values (4, 2);
INSERT INTO ApplicationType_Product(productionFactorID, applicationID) values (5, 3);
INSERT INTO ApplicationType_Product(productionFactorID, applicationID) values (6, 4);
INSERT INTO ApplicationType_Product(productionFactorID, applicationID) values (7, 5);
INSERT INTO ApplicationType_Product(productionFactorID, applicationID) values (8, 5);
INSERT INTO ApplicationType_Product(productionFactorID, applicationID) values (9, 1);
INSERT INTO ApplicationType_Product(productionFactorID, applicationID) values (10, 6);
INSERT INTO ApplicationType_Product(productionFactorID, applicationID) values (11, 6);
INSERT INTO ApplicationType_Product(productionFactorID, applicationID) values (12, 2);
INSERT INTO ApplicationType_Product(productionFactorID, applicationID) values (13, 2);
INSERT INTO ApplicationType_Product(productionFactorID, applicationID) values (14, 7);
INSERT INTO ApplicationType_Product(productionFactorID, applicationID) values (15, 7);
INSERT INTO ApplicationType_Product(productionFactorID, applicationID) values (16, 7);
INSERT INTO ApplicationType_Product(productionFactorID, applicationID) values (17, 7);
INSERT INTO ApplicationType_Product(productionFactorID, applicationID) values (18, 7);

INSERT INTO Component(componentID, componentName) VALUES(1, 'CU');
INSERT INTO Component(componentID, componentName) VALUES(2, 'S');
INSERT INTO Component(componentID, componentName) VALUES(3, 'K');
INSERT INTO Component(componentID, componentName) VALUES(4, 'Mg');
INSERT INTO Component(componentID, componentName) VALUES(5, 'CaCO3');
INSERT INTO Component(componentID, componentName) VALUES(6, 'MgCO3');
INSERT INTO Component(componentID, componentName) VALUES(7, 'B');
INSERT INTO Component(componentID, componentName) VALUES(8, 'MgO');
INSERT INTO Component(componentID, componentName) VALUES(9, 'Mn');
INSERT INTO Component(componentID, componentName) VALUES(10, 'Bacillus pumilus');
INSERT INTO Component(componentID, componentName) VALUES(11, 'Ácidos gordos (na forma de sais de potássio)');
INSERT INTO Component(componentID, componentName) VALUES(12, 'Terpenóides');
INSERT INTO Component(componentID, componentName) VALUES(13, 'Matéria Orgânica');
INSERT INTO Component(componentID, componentName) VALUES(14, 'N');
INSERT INTO Component(componentID, componentName) VALUES(15, 'Ca');
INSERT INTO Component(componentID, componentName) VALUES(16, 'K20');
INSERT INTO Component(componentID, componentName) VALUES(17, 'P205');
INSERT INTO Component(componentID, componentName) VALUES(18, 'COT');
INSERT INTO Component(componentID, componentName) VALUES(19, 'AF');
INSERT INTO Component(componentID, componentName) VALUES(20, 'SO3');
INSERT INTO Component(componentID, componentName) VALUES(21, 'CaO');

INSERT INTO Datasheet(compositionID, productionFactorID) values (1, 1);
INSERT INTO Datasheet(compositionID, productionFactorID) values (2, 2);
INSERT INTO Datasheet(compositionID, productionFactorID) values (3, 3);
INSERT INTO Datasheet(compositionID, productionFactorID) values (4, 4);
INSERT INTO Datasheet(compositionID, productionFactorID) values (5, 5);
INSERT INTO Datasheet(compositionID, productionFactorID) values (6, 6);
INSERT INTO Datasheet(compositionID, productionFactorID) values (7, 7);
INSERT INTO Datasheet(compositionID, productionFactorID) values (8, 8);
INSERT INTO Datasheet(compositionID, productionFactorID) values (9, 9);
INSERT INTO Datasheet(compositionID, productionFactorID) values (10, 10);
INSERT INTO Datasheet(compositionID, productionFactorID) values (11, 11);
INSERT INTO Datasheet(compositionID, productionFactorID) values (12, 12);
INSERT INTO Datasheet(compositionID, productionFactorID) values (13, 13);
INSERT INTO Datasheet(compositionID, productionFactorID) values (14, 14);
INSERT INTO Datasheet(compositionID, productionFactorID) values (15, 15);
INSERT INTO Datasheet(compositionID, productionFactorID) values (16, 16);
INSERT INTO Datasheet(compositionID, productionFactorID) values (17, 17);
INSERT INTO Datasheet(compositionID, productionFactorID) values (18, 18);

INSERT INTO Component_Datasheet(componentID, compositionID, quantity) VALUES (1, 1, 20.0);
INSERT INTO Component_Datasheet(componentID, compositionID, quantity) VALUES (2, 2, 80.0);
INSERT INTO Component_Datasheet(componentID, compositionID, quantity) VALUES (3, 3, 24.9);
INSERT INTO Component_Datasheet(componentID, compositionID, quantity) VALUES (4, 3, 6.0);
INSERT INTO Component_Datasheet(componentID, compositionID, quantity) VALUES (2, 3, 17.6);
INSERT INTO Component_Datasheet(componentID, compositionID, quantity) VALUES (4, 4, 15.1);
INSERT INTO Component_Datasheet(componentID, compositionID, quantity) VALUES (2, 4, 20.8);
INSERT INTO Component_Datasheet(componentID, compositionID, quantity) VALUES (4, 5, 9.0);
INSERT INTO Component_Datasheet(componentID, compositionID, quantity) VALUES (2, 5, 12.4);
INSERT INTO Component_Datasheet(componentID, compositionID, quantity) VALUES (7, 5, 0.90);
INSERT INTO Component_Datasheet(componentID, compositionID, quantity) VALUES (9, 5, 1);
INSERT INTO Component_Datasheet(componentID, compositionID, quantity) VALUES (4, 6, 9.6);
INSERT INTO Component_Datasheet(componentID, compositionID, quantity) VALUES (2, 6, 13);
INSERT INTO Component_Datasheet(componentID, compositionID, quantity) VALUES (5, 7, 88.2);
INSERT INTO Component_Datasheet(componentID, compositionID, quantity) VALUES (6, 7, 1.90);
INSERT INTO Component_Datasheet(componentID, compositionID, quantity) VALUES (5, 8, 71.7);
INSERT INTO Component_Datasheet(componentID, compositionID, quantity) VALUES (6, 8, 14.8);
INSERT INTO Component_Datasheet(componentID, compositionID, quantity) VALUES (8, 8, 7.90);
INSERT INTO Component_Datasheet(componentID, compositionID, quantity) VALUES (10, 9, 97.74);
INSERT INTO Component_Datasheet(componentID, compositionID, quantity) VALUES (11, 10, 47.80);
INSERT INTO Component_Datasheet(componentID, compositionID, quantity) VALUES (12, 11, 14.42);
INSERT INTO Component_Datasheet(componentID, compositionID, quantity) VALUES (13, 12, 50);
INSERT INTO Component_Datasheet(componentID, compositionID, quantity) VALUES (14, 12, 3);
INSERT INTO Component_Datasheet(componentID, compositionID, quantity) VALUES (17, 12, 0.8);
INSERT INTO Component_Datasheet(componentID, compositionID, quantity) VALUES (16, 12, 0.4);
INSERT INTO Component_Datasheet(componentID, compositionID, quantity) VALUES (15, 12, 1.6);
INSERT INTO Component_Datasheet(componentID, compositionID, quantity) VALUES (8, 12, 0.3);
INSERT INTO Component_Datasheet(componentID, compositionID, quantity) VALUES (7, 12, 0.004);
INSERT INTO Component_Datasheet(componentID, compositionID, quantity) VALUES (13, 13, 53);
INSERT INTO Component_Datasheet(componentID, compositionID, quantity) VALUES (14, 13, 6.4);
INSERT INTO Component_Datasheet(componentID, compositionID, quantity) VALUES (17, 13, 2.5);
INSERT INTO Component_Datasheet(componentID, compositionID, quantity) VALUES (16, 13, 2.4);
INSERT INTO Component_Datasheet(componentID, compositionID, quantity) VALUES (15, 13, 6);
INSERT INTO Component_Datasheet(componentID, compositionID, quantity) VALUES (8, 13, 0.3);
INSERT INTO Component_Datasheet(componentID, compositionID, quantity) VALUES (7, 13, 0.002);
INSERT INTO Component_Datasheet(componentID, compositionID, quantity) VALUES (13, 14, 27);
INSERT INTO Component_Datasheet(componentID, compositionID, quantity) VALUES (14, 14, 5.6);
INSERT INTO Component_Datasheet(componentID, compositionID, quantity) VALUES (17, 14, 1);
INSERT INTO Component_Datasheet(componentID, compositionID, quantity) VALUES (16, 14, 3);
INSERT INTO Component_Datasheet(componentID, compositionID, quantity) VALUES (18, 14, 15);
INSERT INTO Component_Datasheet(componentID, compositionID, quantity) VALUES (19, 14, 10);
INSERT INTO Component_Datasheet(componentID, compositionID, quantity) VALUES (20, 15, 45);
INSERT INTO Component_Datasheet(componentID, compositionID, quantity) VALUES (16, 15, 52.5);
INSERT INTO Component_Datasheet(componentID, compositionID, quantity) VALUES (21, 16, 35);
INSERT INTO Component_Datasheet(componentID, compositionID, quantity) VALUES (1, 18, 6);

INSERT INTO UnityOfMeasurement(unityID, name) VALUES(0, 'undefined');
INSERT INTO UnityOfMeasurement(unityID, name) VALUES(1, 'm2');
INSERT INTO UnityOfMeasurement(unityID, name) VALUES(2, 'm3');
INSERT INTO UnityOfMeasurement(unityID, name) VALUES(3, 'ha');
INSERT INTO UnityOfMeasurement(unityID, name) VALUES(4, 'un');
INSERT INTO UnityOfMeasurement(unityID, name) VALUES(5, 'kg');
INSERT INTO UnityOfMeasurement(unityID, name) VALUES(6, '%');

INSERT INTO Building(buildingID, designation) values (201, 'Espigueiro');
INSERT INTO Building(buildingID, designation) values (202, 'Armazém novo');
INSERT INTO Building(buildingID, designation) values (203, 'Armazém grande');
INSERT INTO Building(buildingID, designation) values (250, 'Moinho');
INSERT INTO Building(buildingID, designation) values (301, 'Tanque do campo grande');
INSERT INTO Building(buildingID, designation) values (302, 'Poço da bouça');

INSERT INTO Storage(buildingID, area, unityID) values (201, 600, 1);
INSERT INTO Storage(buildingID, area, unityID) values (202, 800, 1);

INSERT INTO Garage(buildingID, area, unityID) values (203, 900, 1);

INSERT INTO Mill(buildingID) values (250);

INSERT INTO WateringSystem(buildingID, capacity, unityID) values (301, 18, 2);
INSERT INTO WateringSystem(buildingID, capacity, unityID) values (302, 35, 2);

INSERT INTO Crop(CropID, startDate,endDate, plantID) values (1, TO_DATE('10/10/2020', 'DD-MM-YYYY'), TO_DATE('30/03/2021', 'DD-MM-YYYY'), 80);
INSERT INTO Crop(CropID, startDate,endDate, plantID) values (2, TO_DATE('10/04/2021', 'DD-MM-YYYY'), TO_DATE('12/08/2021', 'DD-MM-YYYY'), 83);
INSERT INTO Crop(CropID, startDate,endDate, plantID) values (3, TO_DATE('03/10/2021', 'DD-MM-YYYY'), TO_DATE('05/04/2022', 'DD-MM-YYYY'), 80);
INSERT INTO Crop(CropID, startDate,endDate, plantID) values (4, TO_DATE('15/04/2022', 'DD-MM-YYYY'), TO_DATE('21/08/2022', 'DD-MM-YYYY'), 83);
INSERT INTO Crop(CropID, startDate,endDate, plantID) values (5, TO_DATE('05/04/2020', 'DD-MM-YYYY'), TO_DATE('20/08/2020', 'DD-MM-YYYY'), 82);
INSERT INTO Crop(CropID, startDate,endDate, plantID) values (6, TO_DATE('12/10/2020', 'DD-MM-YYYY'), TO_DATE('15/03/2021', 'DD-MM-YYYY'), 80);
INSERT INTO Crop(CropID, startDate,endDate, plantID) values (7, TO_DATE('03/04/2021', 'DD-MM-YYYY'), TO_DATE('25/08/2021', 'DD-MM-YYYY'), 82);
INSERT INTO Crop(CropID, startDate,endDate, plantID) values (8, TO_DATE('06/10/2021', 'DD-MM-YYYY'), TO_DATE('19/03/2022', 'DD-MM-YYYY'), 80);
INSERT INTO Crop(CropID, startDate,endDate, plantID) values (9, TO_DATE('08/04/2022', 'DD-MM-YYYY'), TO_DATE('18/08/2022', 'DD-MM-YYYY'), 82);
INSERT INTO Crop(CropID, startDate,endDate, plantID) values (10, TO_DATE('12/10/2022', 'DD-MM-YYYY'), TO_DATE('20/03/2023', 'DD-MM-YYYY'), 80);
INSERT INTO Crop(CropID, startDate,endDate, plantID) values (11, TO_DATE('06/10/2016', 'DD-MM-YYYY'), TO_DATE('', 'DD-MM-YYYY'), 92);
INSERT INTO Crop(CropID, startDate,endDate, plantID) values (12, TO_DATE('10/10/2016', 'DD-MM-YYYY'), TO_DATE('', 'DD-MM-YYYY'), 89);
INSERT INTO Crop(CropID, startDate,endDate, plantID) values (13, TO_DATE('10/03/2020', 'DD-MM-YYYY'), TO_DATE('15/05/2020', 'DD-MM-YYYY'), 79);
INSERT INTO Crop(CropID, startDate,endDate, plantID) values (14, TO_DATE('02/06/2020', 'DD-MM-YYYY'), TO_DATE('08/09/2020', 'DD-MM-YYYY'), 78);
INSERT INTO Crop(CropID, startDate,endDate, plantID) values (15, TO_DATE('20/09/2020', 'DD-MM-YYYY'), TO_DATE('10/01/2021', 'DD-MM-YYYY'), 93);
INSERT INTO Crop(CropID, startDate,endDate, plantID) values (16, TO_DATE('10/03/2021', 'DD-MM-YYYY'), TO_DATE('15/05/2021', 'DD-MM-YYYY'), 77);
INSERT INTO Crop(CropID, startDate,endDate, plantID) values (17, TO_DATE('02/06/2021', 'DD-MM-YYYY'), TO_DATE('08/09/2020', 'DD-MM-YYYY'), 75);
INSERT INTO Crop(CropID, startDate,endDate, plantID) values (18, TO_DATE('20/09/2021', 'DD-MM-YYYY'), TO_DATE('10/01/2022', 'DD-MM-YYYY'), 93);
INSERT INTO Crop(CropID, startDate,endDate, plantID) values (19, TO_DATE('06/03/2022', 'DD-MM-YYYY'), TO_DATE('16/05/2022', 'DD-MM-YYYY'), 77);
INSERT INTO Crop(CropID, startDate,endDate, plantID) values (20, TO_DATE('30/05/2022', 'DD-MM-YYYY'), TO_DATE('05/09/2022', 'DD-MM-YYYY'), 78);
INSERT INTO Crop(CropID, startDate,endDate, plantID) values (21, TO_DATE('20/09/2022', 'DD-MM-YYYY'), TO_DATE('14/01/2023', 'DD-MM-YYYY'), 84);
INSERT INTO Crop(CropID, startDate,endDate, plantID) values (22, TO_DATE('07/01/2017', 'DD-MM-YYYY'), TO_DATE('', 'DD-MM-YYYY'), 41);
INSERT INTO Crop(CropID, startDate,endDate, plantID) values (23, TO_DATE('08/01/2017', 'DD-MM-YYYY'), TO_DATE('', 'DD-MM-YYYY'), 37);
INSERT INTO Crop(CropID, startDate,endDate, plantID) values (24, TO_DATE('08/01/2017', 'DD-MM-YYYY'), TO_DATE('', 'DD-MM-YYYY'), 48);
INSERT INTO Crop(CropID, startDate,endDate, plantID) values (25, TO_DATE('10/12/2018', 'DD-MM-YYYY'), TO_DATE('', 'DD-MM-YYYY'), 48);
INSERT INTO Crop(CropID, startDate,endDate, plantID) values (26, TO_DATE('10/01/2018', 'DD-MM-YYYY'), TO_DATE('', 'DD-MM-YYYY'), 94);
INSERT INTO Crop(CropID, startDate,endDate, plantID) values (27, TO_DATE('11/01/2018', 'DD-MM-YYYY'), TO_DATE('', 'DD-MM-YYYY'), 95);
INSERT INTO Crop(CropID, startDate,endDate, plantID) values (28, TO_DATE('12/10/2018', 'DD-MM-YYYY'), TO_DATE('', 'DD-MM-YYYY'), 86);
INSERT INTO Crop(CropID, startDate,endDate, plantID) values (29, TO_DATE('09/01/2019', 'DD-MM-YYYY'), TO_DATE('', 'DD-MM-YYYY'), 61);
INSERT INTO Crop(CropID, startDate,endDate, plantID) values (30, TO_DATE('09/01/2019', 'DD-MM-YYYY'), TO_DATE('', 'DD-MM-YYYY'), 56);
INSERT INTO Crop(CropID, startDate,endDate, plantID) values (31, TO_DATE('09/01/2019', 'DD-MM-YYYY'), TO_DATE('', 'DD-MM-YYYY'), 44);
INSERT INTO Crop(CropID, startDate,endDate, plantID) values (32, TO_DATE('10/01/2019', 'DD-MM-YYYY'), TO_DATE('', 'DD-MM-YYYY'), 97);
INSERT INTO Crop(CropID, startDate,endDate, plantID) values (33, TO_DATE('11/01/2019', 'DD-MM-YYYY'), TO_DATE('', 'DD-MM-YYYY'), 98);
INSERT INTO Crop(CropID, startDate,endDate, plantID) values (34, TO_DATE('11/01/2019', 'DD-MM-YYYY'), TO_DATE('', 'DD-MM-YYYY'), 57);
INSERT INTO Crop(CropID, startDate,endDate, plantID) values (35, TO_DATE('05/04/2023', 'DD-MM-YYYY'), TO_DATE('', 'DD-MM-YYYY'), 77);
INSERT INTO Crop(CropID, startDate,endDate, plantID) values (36, TO_DATE('06/04/2023', 'DD-MM-YYYY'), TO_DATE('', 'DD-MM-YYYY'), 96);
INSERT INTO Crop(CropID, startDate,endDate, plantID) values (37, TO_DATE('05/07/2023', 'DD-MM-YYYY'), TO_DATE('', 'DD-MM-YYYY'), 75);

INSERT INTO AgriculturalParcel(parcelID, parcelDesignation, area) values (101, 'Campo da bouça', 1.2);
INSERT INTO AgriculturalParcel(parcelID, parcelDesignation, area) values (102, 'Campo grande', 3);
INSERT INTO AgriculturalParcel(parcelID, parcelDesignation, area) values (103, 'Campo do poço', 1.5);
INSERT INTO AgriculturalParcel(parcelID, parcelDesignation, area) values (104, 'Lameiro da ponte', 0.8);
INSERT INTO AgriculturalParcel(parcelID, parcelDesignation, area) values (105, 'Lameiro do moinho', 1.1);
INSERT INTO AgriculturalParcel(parcelID, parcelDesignation, area) values (106, 'Horta nova', 0.3);
INSERT INTO AgriculturalParcel(parcelID, parcelDesignation, area) values (107, 'Vinha', 2);
INSERT INTO AgriculturalParcel(parcelID, parcelDesignation, area) values (108, 'Campo Novo', 1.1);

INSERT INTO Crop_AgriculturalParcel(cropID, parcelID) values (1, 101);
INSERT INTO Crop_AgriculturalParcel(cropID, parcelID) values (2, 101);
INSERT INTO Crop_AgriculturalParcel(cropID, parcelID) values (3, 101);
INSERT INTO Crop_AgriculturalParcel(cropID, parcelID) values (4, 101);
INSERT INTO Crop_AgriculturalParcel(cropID, parcelID) values (5, 103);
INSERT INTO Crop_AgriculturalParcel(cropID, parcelID) values (6, 103);
INSERT INTO Crop_AgriculturalParcel(cropID, parcelID) values (7, 103);
INSERT INTO Crop_AgriculturalParcel(cropID, parcelID) values (8, 103);
INSERT INTO Crop_AgriculturalParcel(cropID, parcelID) values (10, 103);
INSERT INTO Crop_AgriculturalParcel(cropID, parcelID) values (11, 102);
INSERT INTO Crop_AgriculturalParcel(cropID, parcelID) values (12, 102);
INSERT INTO Crop_AgriculturalParcel(cropID, parcelID) values (28, 102);
INSERT INTO Crop_AgriculturalParcel(cropID, parcelID) values (13, 106);
INSERT INTO Crop_AgriculturalParcel(cropID, parcelID) values (14, 106);
INSERT INTO Crop_AgriculturalParcel(cropID, parcelID) values (15, 106);
INSERT INTO Crop_AgriculturalParcel(cropID, parcelID) values (16, 106);
INSERT INTO Crop_AgriculturalParcel(cropID, parcelID) values (17, 106);
INSERT INTO Crop_AgriculturalParcel(cropID, parcelID) values (18, 106);
INSERT INTO Crop_AgriculturalParcel(cropID, parcelID) values (19, 106);
INSERT INTO Crop_AgriculturalParcel(cropID, parcelID) values (20, 106);
INSERT INTO Crop_AgriculturalParcel(cropID, parcelID) values (21, 106);
INSERT INTO Crop_AgriculturalParcel(cropID, parcelID) values (22, 104);
INSERT INTO Crop_AgriculturalParcel(cropID, parcelID) values (23, 104);
INSERT INTO Crop_AgriculturalParcel(cropID, parcelID) values (24, 104);
INSERT INTO Crop_AgriculturalParcel(cropID, parcelID) values (25, 104);
INSERT INTO Crop_AgriculturalParcel(cropID, parcelID) values (26, 107);
INSERT INTO Crop_AgriculturalParcel(cropID, parcelID) values (27, 107);
INSERT INTO Crop_AgriculturalParcel(cropID, parcelID) values (29, 107);
INSERT INTO Crop_AgriculturalParcel(cropID, parcelID) values (30, 107);
INSERT INTO Crop_AgriculturalParcel(cropID, parcelID) values (31, 107);
INSERT INTO Crop_AgriculturalParcel(cropID, parcelID) values (32, 107);
INSERT INTO Crop_AgriculturalParcel(cropID, parcelID) values (33, 107);
INSERT INTO Crop_AgriculturalParcel(cropID, parcelID) values (34, 107);
INSERT INTO Crop_AgriculturalParcel(cropID, parcelID) values (35, 108);
INSERT INTO Crop_AgriculturalParcel(cropID, parcelID) values (36, 108);
INSERT INTO Crop_AgriculturalParcel(cropID, parcelID) values (37, 108);

INSERT INTO DispersionTypes(dispersionID, designation) values (0, 'undefined');
INSERT INTO DispersionTypes(dispersionID, designation) values (1, 'aspersão');
INSERT INTO DispersionTypes(dispersionID, designation) values (2, 'gotejamento');
INSERT INTO DispersionTypes(dispersionID, designation) values (3, 'micro-pulverização');

INSERT INTO IrrigationSector(setorID, startDate, endDate, maximumFlow, dispersionID) values (10, TO_DATE('01/05/2017', 'DD-MM-YYYY'), TO_DATE('', 'DD-MM-YYYY'), 2500, 1);
INSERT INTO IrrigationSector(setorID, startDate, endDate, maximumFlow, dispersionID) values (11, TO_DATE('01/05/2017', 'DD-MM-YYYY'), TO_DATE('', 'DD-MM-YYYY'), 1500, 1);
INSERT INTO IrrigationSector(setorID, startDate, endDate, maximumFlow, dispersionID) values (21, TO_DATE('01/05/2017', 'DD-MM-YYYY'), TO_DATE('', 'DD-MM-YYYY'), 3500, 1);
INSERT INTO IrrigationSector(setorID, startDate, endDate, maximumFlow, dispersionID) values (22, TO_DATE('01/05/2019', 'DD-MM-YYYY'), TO_DATE('', 'DD-MM-YYYY'), 3500, 1);
INSERT INTO IrrigationSector(setorID, startDate, endDate, maximumFlow, dispersionID) values (41, TO_DATE('01/04/2023', 'DD-MM-YYYY'), TO_DATE('', 'DD-MM-YYYY'), 2500, 1);
INSERT INTO IrrigationSector(setorID, startDate, endDate, maximumFlow, dispersionID) values (42, TO_DATE('01/04/2023', 'DD-MM-YYYY'), TO_DATE('', 'DD-MM-YYYY'), 3500, 2);
INSERT INTO IrrigationSector (setorID, startDate, endDate, maximumFlow, dispersionID)
VALUES(1, NULL, NULL, NULL, NULL);
INSERT INTO IrrigationSector (setorID, startDate, endDate, maximumFlow, dispersionID)
VALUES(2, NULL, NULL, NULL, NULL);
INSERT INTO IrrigationSector (setorID, startDate, endDate, maximumFlow, dispersionID)
VALUES(3, NULL, NULL, NULL, NULL);
INSERT INTO IrrigationSector (setorID, startDate, endDate, maximumFlow, dispersionID)
VALUES(4, NULL, NULL, NULL, NULL);
INSERT INTO IrrigationSector (setorID, startDate, endDate, maximumFlow, dispersionID)
VALUES(5, NULL, NULL, NULL, NULL);
INSERT INTO IrrigationSector (setorID, startDate, endDate, maximumFlow, dispersionID)
VALUES(6, NULL, NULL, NULL, NULL);

INSERT INTO Crop_AgriculturalParcel_IrrigationSector(cropID, parcelID, setorID) values (11, 102, 10);
INSERT INTO Crop_AgriculturalParcel_IrrigationSector(cropID, parcelID, setorID) values (12, 102, 10);
INSERT INTO Crop_AgriculturalParcel_IrrigationSector(cropID, parcelID, setorID) values (28, 102, 11);
INSERT INTO Crop_AgriculturalParcel_IrrigationSector(cropID, parcelID, setorID) values (22, 104, 21);
INSERT INTO Crop_AgriculturalParcel_IrrigationSector(cropID, parcelID, setorID) values (23, 104, 21);
INSERT INTO Crop_AgriculturalParcel_IrrigationSector(cropID, parcelID, setorID) values (24, 104, 21);
INSERT INTO Crop_AgriculturalParcel_IrrigationSector(cropID, parcelID, setorID) values (25, 104, 21);
INSERT INTO Crop_AgriculturalParcel_IrrigationSector(cropID, parcelID, setorID) values (29, 107, 21);
INSERT INTO Crop_AgriculturalParcel_IrrigationSector(cropID, parcelID, setorID) values (31, 107, 22);
INSERT INTO Crop_AgriculturalParcel_IrrigationSector(cropID, parcelID, setorID) values (32, 107, 22);
INSERT INTO Crop_AgriculturalParcel_IrrigationSector(cropID, parcelID, setorID) values (33, 107, 22);
INSERT INTO Crop_AgriculturalParcel_IrrigationSector(cropID, parcelID, setorID) values (34, 107, 22);
INSERT INTO Crop_AgriculturalParcel_IrrigationSector(cropID, parcelID, setorID) values (35, 102, 41);
INSERT INTO Crop_AgriculturalParcel_IrrigationSector(cropID, parcelID, setorID) values (37, 102, 41);
INSERT INTO Crop_AgriculturalParcel_IrrigationSector(cropID, parcelID, setorID) values (36, 102, 42);

INSERT INTO Operation values (1, TO_DATE('06/10/2016', 'DD-MM-YYYY'),'', 'plantation', 11, 102, NULL);
INSERT INTO Operation values (2, TO_DATE('10/10/2016', 'DD-MM-YYYY'),'', 'plantation', 12, 102,NULL);
INSERT INTO Operation values (3, TO_DATE('07/01/2017', 'DD-MM-YYYY'),'', 'plantation', 22, 104,NULL);
INSERT INTO Operation values (4, TO_DATE('08/01/2017', 'DD-MM-YYYY'),'', 'plantation', 23, 104,NULL);
INSERT INTO Operation values (5, TO_DATE('08/01/2017', 'DD-MM-YYYY'),'', 'plantation', 24, 104,NULL);
INSERT INTO Operation values (6, TO_DATE('03/07/2017', 'DD-MM-YYYY'),'', 'crop application', 12, 102,NULL);
INSERT INTO Operation values (7, TO_DATE('03/07/2017', 'DD-MM-YYYY'),'', 'crop application', 28, 102,NULL);
INSERT INTO Operation values (8, TO_DATE('10/07/2017', 'DD-MM-YYYY'),'', 'crop application', 11, 102,NULL);
INSERT INTO Operation values (9, TO_DATE('10/07/2017', 'DD-MM-YYYY'),'', 'crop application', 28, 102,NULL);
INSERT INTO Operation values (10, TO_DATE('10/07/2017', 'DD-MM-YYYY'),'', 'crop application', 12, 102,NULL);
INSERT INTO Operation values (11, TO_DATE('10/07/2017', 'DD-MM-YYYY'),'', 'crop application', 28, 102,NULL);
INSERT INTO Operation values (12, TO_DATE('10/08/2017', 'DD-MM-YYYY'),'', 'crop application', 26, 107,NULL);
INSERT INTO Operation values (13, TO_DATE('10/08/2017', 'DD-MM-YYYY'),'', 'crop application', 27, 107,NULL);
INSERT INTO Operation values (14, TO_DATE('10/08/2017', 'DD-MM-YYYY'),'', 'crop application', 26, 107,NULL);
INSERT INTO Operation values (15, TO_DATE('10/08/2017', 'DD-MM-YYYY'),'', 'crop application', 27, 107,NULL);
INSERT INTO Operation values (16, TO_DATE('10/08/2017', 'DD-MM-YYYY'),'', 'crop application', 27, 107,NULL);
INSERT INTO Operation values (17, TO_DATE('10/08/2017', 'DD-MM-YYYY'),'', 'harvest', 16, 106,NULL);
INSERT INTO Operation values (18, TO_DATE('10/09/2017', 'DD-MM-YYYY'),'', 'harvest', 16, 106,NULL);
INSERT INTO Operation values (22, TO_DATE('04/11/2017', 'DD-MM-YYYY'),'', 'pruning', 11, 102,NULL);
INSERT INTO Operation values (23, TO_DATE('04/11/2017', 'DD-MM-YYYY'),'', 'pruning', 12, 102,NULL);
INSERT INTO Operation values (24, TO_DATE('10/12/2017', 'DD-MM-YYYY'),'', 'crop application', 11, 102,NULL);
INSERT INTO Operation values (25, TO_DATE('10/12/2017', 'DD-MM-YYYY'),'', 'crop application', 12, 102,NULL);
INSERT INTO Operation values (26, TO_DATE('07/01/2018', 'DD-MM-YYYY'),'','pruning', 22, 104,NULL);
INSERT INTO Operation values (27, TO_DATE('08/01/2018', 'DD-MM-YYYY'),'', 'pruning', 23, 104,NULL);
INSERT INTO Operation values (28, TO_DATE('08/01/2018', 'DD-MM-YYYY'),'', 'pruning', 24, 104,NULL);
INSERT INTO Operation values (29, TO_DATE('10/01/2018', 'DD-MM-YYYY'),'', 'plantation', 26, 107,NULL);
INSERT INTO Operation values (30, TO_DATE('11/01/2018', 'DD-MM-YYYY'),'', 'plantation', 27, 107,NULL);
INSERT INTO Operation values (31, TO_DATE('06/02/2018', 'DD-MM-YYYY'),'', 'crop application', 22, 104,NULL);
INSERT INTO Operation values (32, TO_DATE('06/02/2018', 'DD-MM-YYYY'),'','crop application', 23, 104,NULL);
INSERT INTO Operation values (33, TO_DATE('06/02/2018', 'DD-MM-YYYY'),'', 'crop application', 24, 104,NULL);
INSERT INTO Operation values (56, TO_DATE('07/01/2019', 'DD-MM-YYYY'),'', 'plantation', 24, 104,NULL);
INSERT INTO Operation values (58, TO_DATE('08/01/2019', 'DD-MM-YYYY'),'', 'pruning', 11, 102,NULL);
INSERT INTO Operation values (59, TO_DATE('10/01/2019', 'DD-MM-YYYY'),'', 'pruning', 12, 102,NULL);
INSERT INTO Operation values (61, TO_DATE('05/02/2019', 'DD-MM-YYYY'),'', 'pruning', 26, 107,NULL);
INSERT INTO Operation values (62, TO_DATE('05/02/2019', 'DD-MM-YYYY'),'', 'pruning', 27, 107,NULL);
INSERT INTO Operation values (63, TO_DATE('05/02/2019', 'DD-MM-YYYY'),'', 'pruning', 22, 104,NULL);
INSERT INTO Operation values (64, TO_DATE('03/07/2019', 'DD-MM-YYYY'),'', 'pruning', 23, 104,NULL);
INSERT INTO Operation values (65, TO_DATE('03/07/2019', 'DD-MM-YYYY'),'', 'pruning', 24, 104,NULL);
INSERT INTO Operation values (66, TO_DATE('10/07/2019', 'DD-MM-YYYY'),'', 'pruning', 24, 104,NULL);
INSERT INTO Operation values (67, TO_DATE('10/07/2019', 'DD-MM-YYYY'),'', 'pruning', 24, 104,NULL);
INSERT INTO Operation values (68, TO_DATE('10/07/2019', 'DD-MM-YYYY'),'', 'crop application', 22, 104,NULL);
INSERT INTO Operation values (69, TO_DATE('10/07/2019', 'DD-MM-YYYY'),'', 'crop application', 11, 102,NULL);
INSERT INTO Operation values (70, TO_DATE('10/08/2019', 'DD-MM-YYYY'),'', 'crop application', 24, 104,NULL);
INSERT INTO Operation values (86, TO_DATE('07/01/2020', 'DD-MM-YYYY'),'', 'pruning', 11, 102,NULL);
INSERT INTO Operation values (87, TO_DATE('08/01/2020', 'DD-MM-YYYY'),'', 'pruning', 12, 102,NULL);
INSERT INTO Operation values (88, TO_DATE('08/01/2020', 'DD-MM-YYYY'),'', 'pruning', 26, 107,NULL);
INSERT INTO Operation values (89, TO_DATE('10/01/2020', 'DD-MM-YYYY'),'', 'pruning', 27, 107,NULL);
INSERT INTO Operation values (90, TO_DATE('11/01/2020', 'DD-MM-YYYY'),'', 'pruning', 26, 107,NULL);
INSERT INTO Operation values (92, TO_DATE('12/03/2020', 'DD-MM-YYYY'),'', 'sowing', 13, 106,NULL);
INSERT INTO Operation values (93, TO_DATE('30/03/2020', 'DD-MM-YYYY'),'', 'sowing', 5, 103,NULL);
INSERT INTO Operation values (94, TO_DATE('05/04/2020', 'DD-MM-YYYY'),'', 'harvest', 13, 106,NULL);
INSERT INTO Operation values (95, TO_DATE('05/05/2020', 'DD-MM-YYYY'),'', 'harvest', 13, 106,NULL);
INSERT INTO Operation values (96, TO_DATE('15/05/2020', 'DD-MM-YYYY'),'', 'sowing', 14, 106,NULL);
INSERT INTO Operation values (110, TO_DATE('12/08/2020', 'DD-MM-YYYY'),'', 'harvest', 5, 103,NULL);
INSERT INTO Operation values (111, TO_DATE('20/08/2020', 'DD-MM-YYYY'),'', 'harvest', 14, 106,NULL);
INSERT INTO Operation values (112, TO_DATE('28/08/2020', 'DD-MM-YYYY'),'', 'harvest', 14, 106,NULL);
INSERT INTO Operation values (113, TO_DATE('07/09/2020', 'DD-MM-YYYY'),'', 'sowing', 15, 106,NULL);
INSERT INTO Operation values (114, TO_DATE('20/09/2020', 'DD-MM-YYYY'),'', 'sowing', 1, 101,NULL);
INSERT INTO Operation values (115, TO_DATE('10/10/2020', 'DD-MM-YYYY'),'', 'sowing', 1, 101,NULL);
INSERT INTO Operation values (116, TO_DATE('12/10/2020', 'DD-MM-YYYY'),'', 'pruning', 11, 102,NULL);
INSERT INTO Operation values (117, TO_DATE('10/11/2020', 'DD-MM-YYYY'),'', 'pruning', 12, 102,NULL);
INSERT INTO Operation values (118, TO_DATE('10/11/2020', 'DD-MM-YYYY'),'', 'harvest', 15, 106,NULL);
INSERT INTO Operation values (119, TO_DATE('15/11/2020', 'DD-MM-YYYY'),'', 'pruning', 24, 104,NULL);
INSERT INTO Operation values (120, TO_DATE('05/12/2020', 'DD-MM-YYYY'),'', 'pruning', 22, 104,NULL);
INSERT INTO Operation values (121, TO_DATE('05/12/2020', 'DD-MM-YYYY'),'', 'crop application', 11, 102,NULL);
INSERT INTO Operation values (122, TO_DATE('10/12/2020', 'DD-MM-YYYY'),'', 'crop application', 12, 102,NULL);
INSERT INTO Operation values (123, TO_DATE('10/12/2020', 'DD-MM-YYYY'),'', 'pruning', 22, 104,NULL);
INSERT INTO Operation values (124, TO_DATE('15/12/2020', 'DD-MM-YYYY'),'', 'pruning', 23, 104,NULL);
INSERT INTO Operation values (125, TO_DATE('15/12/2020', 'DD-MM-YYYY'),'', 'pruning', 26, 107,NULL);
INSERT INTO Operation values (126, TO_DATE('16/12/2020', 'DD-MM-YYYY'),'', 'harvest', 15, 106,NULL);
INSERT INTO Operation values (127, TO_DATE('18/12/2020', 'DD-MM-YYYY'),'', 'pruning', 27, 107,NULL);
INSERT INTO Operation values (128, TO_DATE('18/12/2020', 'DD-MM-YYYY'),'', 'harvest', 15, 106,NULL);
INSERT INTO Operation values (130, TO_DATE('20/01/2021', 'DD-MM-YYYY'),'', 'crop application', 26, 107,NULL);
INSERT INTO Operation values (131, TO_DATE('20/01/2021', 'DD-MM-YYYY'),'', 'sowing', 16, 106,NULL);
INSERT INTO Operation values (132, TO_DATE('10/03/2021', 'DD-MM-YYYY'),'', 'incorporation', 1, 101,NULL);
INSERT INTO Operation values (133, TO_DATE('14/03/2021', 'DD-MM-YYYY'),'', 'incorporation', 1, 101,NULL);
INSERT INTO Operation values (134, TO_DATE('30/03/2021', 'DD-MM-YYYY'),'', 'sowing', 5, 103,NULL);
INSERT INTO Operation values (135, TO_DATE('03/04/2021', 'DD-MM-YYYY'),'', 'sowing', 2, 101,NULL);
INSERT INTO Operation values (136, TO_DATE('15/04/2021', 'DD-MM-YYYY'),'', 'crop application', 22, 104,NULL);
INSERT INTO Operation values (137, TO_DATE('02/05/2021', 'DD-MM-YYYY'),'', 'crop application', 23, 104,NULL);
INSERT INTO Operation values (138, TO_DATE('02/05/2021', 'DD-MM-YYYY'),'', 'crop application', 24, 104,NULL);
INSERT INTO Operation values (139, TO_DATE('02/05/2021', 'DD-MM-YYYY'),'', 'crop application', 24, 104,NULL);
INSERT INTO Operation values (140, TO_DATE('02/05/2021', 'DD-MM-YYYY'),'', 'sowing', 17, 106,NULL);
INSERT INTO Operation values (151, TO_DATE('28/07/2021', 'DD-MM-YYYY'),'', 'harvest', 26, 107,NULL);
INSERT INTO Operation values (162, TO_DATE('10/10/2021', 'DD-MM-YYYY'),'', 'harvest', 2, 101,NULL);
INSERT INTO Operation values (164, TO_DATE('10/11/2021', 'DD-MM-YYYY'),'', 'harvest', 24, 104,NULL);
INSERT INTO Operation values (165, TO_DATE('10/11/2021', 'DD-MM-YYYY'),'', 'harvest', 5, 103,NULL);
INSERT INTO Operation values (166, TO_DATE('15/11/2021', 'DD-MM-YYYY'),'', 'harvest', 17, 106,NULL);
INSERT INTO Operation values (167, TO_DATE('05/12/2021', 'DD-MM-YYYY'),'', 'harvest', 24, 104,NULL);
INSERT INTO Operation values (168, TO_DATE('05/12/2021', 'DD-MM-YYYY'),'', 'harvest', 17, 106,NULL);
INSERT INTO Operation values (169, TO_DATE('10/12/2021', 'DD-MM-YYYY'),'', 'harvest', 22, 104,NULL);
INSERT INTO Operation values (171, TO_DATE('15/12/2021', 'DD-MM-YYYY'),'', 'sowing', 15, 106,NULL);
INSERT INTO Operation values (172, TO_DATE('15/12/2021', 'DD-MM-YYYY'),'', 'harvest', 22, 104,NULL);
INSERT INTO Operation values (173, TO_DATE('16/12/2021', 'DD-MM-YYYY'),'', 'sowing', 1, 101,NULL);
INSERT INTO Operation values (174, TO_DATE('18/12/2021', 'DD-MM-YYYY'),'', 'sowing', 1, 101,NULL);
INSERT INTO Operation values (175, TO_DATE('18/12/2021', 'DD-MM-YYYY'),'', 'harvest', 23, 104,NULL);
INSERT INTO Operation values (176, TO_DATE('04/01/2022', 'DD-MM-YYYY'),'', 'harvest', 23, 104,NULL);
INSERT INTO Operation values (177, TO_DATE('20/01/2022', 'DD-MM-YYYY'),'', 'harvest', 11, 102,NULL);
INSERT INTO Operation values (178, TO_DATE('20/01/2022', 'DD-MM-YYYY'),'', 'harvest', 12, 102,NULL);
INSERT INTO Operation values (179, TO_DATE('10/03/2022', 'DD-MM-YYYY'),'', 'harvest', 15, 106,NULL);
INSERT INTO Operation values (180, TO_DATE('14/03/2022', 'DD-MM-YYYY'),'', 'pruning', 11, 102,NULL);
INSERT INTO Operation values (181, TO_DATE('30/03/2022', 'DD-MM-YYYY'),'', 'pruning', 12, 102,NULL);
INSERT INTO Operation values (182, TO_DATE('03/04/2022', 'DD-MM-YYYY'),'', 'pruning', 24, 104,NULL);
INSERT INTO Operation values (183, TO_DATE('15/04/2022', 'DD-MM-YYYY'),'', 'pruning', 22, 104,NULL);
INSERT INTO Operation values (184, TO_DATE('02/05/2022', 'DD-MM-YYYY'),'', 'pruning', 26, 107,NULL);
INSERT INTO Operation values (185, TO_DATE('02/05/2022', 'DD-MM-YYYY'),'', 'pruning', 23, 104,NULL);
INSERT INTO Operation values (186, TO_DATE('02/05/2022', 'DD-MM-YYYY'),'', 'harvest', 15, 106,NULL);
INSERT INTO Operation values (187, TO_DATE('02/05/2022', 'DD-MM-YYYY'),'', 'pruning', 27, 107,NULL);
INSERT INTO Operation values (189, TO_DATE('15/05/2022', 'DD-MM-YYYY'),'', 'crop application', 26, 107,NULL);
INSERT INTO Operation values (190, TO_DATE('02/06/2022', 'DD-MM-YYYY'),'', 'crop application', 27, 107,NULL);
INSERT INTO Operation values (191, TO_DATE('20/06/2022', 'DD-MM-YYYY'),'', 'sowing', 16, 106,NULL);
INSERT INTO Operation values (192, TO_DATE('03/07/2022', 'DD-MM-YYYY'),'', 'incorporation', 1, 101,NULL);
INSERT INTO Operation values (193, TO_DATE('03/07/2022', 'DD-MM-YYYY'),'', 'incorporation', 1, 101,NULL);
INSERT INTO Operation values (194, TO_DATE('10/07/2022', 'DD-MM-YYYY'),'', 'sowing', 5, 103,NULL);
INSERT INTO Operation values (196, TO_DATE('12/07/2022', 'DD-MM-YYYY'),'', 'harvest', 16, 106,NULL);
INSERT INTO Operation values (197, TO_DATE('15/07/2022', 'DD-MM-YYYY'),'', 'crop application', 22, 104,NULL);
INSERT INTO Operation values (198, TO_DATE('28/07/2022', 'DD-MM-YYYY'),'', 'crop application', 23, 104,NULL);
INSERT INTO Operation values (199, TO_DATE('10/08/2022', 'DD-MM-YYYY'),'', 'crop application', 24, 104,NULL);
INSERT INTO Operation values (200, TO_DATE('13/05/2022', 'DD-MM-YYYY'),'', 'crop application', 24, 104,NULL);
INSERT INTO Operation values (201, TO_DATE('13/05/2022', 'DD-MM-YYYY'),'', 'harvest', 16, 106,NULL);
INSERT INTO Operation values (202, TO_DATE('13/05/2022', 'DD-MM-YYYY'),'', 'sowing', 16, 106,NULL);
INSERT INTO Operation values (212, TO_DATE('02/07/2022', 'DD-MM-YYYY'),'', 'harvest', 11, 102,NULL);
INSERT INTO Operation values (213, TO_DATE('02/07/2022', 'DD-MM-YYYY'),'', 'harvest', 11, 102,NULL);
INSERT INTO Operation values (223, TO_DATE('30/07/2022', 'DD-MM-YYYY'),'', 'harvest', 27, 107,NULL);
INSERT INTO Operation values (224, TO_DATE('30/07/2022', 'DD-MM-YYYY'),'', 'harvest', 27, 107,NULL);
INSERT INTO Operation values (225, TO_DATE('30/07/2022', 'DD-MM-YYYY'),'', 'harvest', 2, 101,NULL;
INSERT INTO Operation values (227, TO_DATE('30/07/2022', 'DD-MM-YYYY'),'', 'harvest', 2, 101,NULL);
INSERT INTO Operation values (228, TO_DATE('07/08/2022', 'DD-MM-YYYY'),'', 'harvest', 24, 104,NULL);
INSERT INTO Operation values (229, TO_DATE('10/08/2022', 'DD-MM-YYYY'),'', 'harvest', 14, 106,NULL);
INSERT INTO Operation values (230, TO_DATE('10/08/2022', 'DD-MM-YYYY'),'', 'harvest', 14, 106,NULL);
INSERT INTO Operation values (231, TO_DATE('12/08/2022', 'DD-MM-YYYY'),'', 'harvest', 24, 104,NULL);
INSERT INTO Operation values (232, TO_DATE('12/08/2022', 'DD-MM-YYYY'),'', 'harvest', 22, 104,NULL);
INSERT INTO Operation values (233, TO_DATE('17/08/2022', 'DD-MM-YYYY'),'', 'harvest', 22, 104,NULL);
INSERT INTO Operation values (234, TO_DATE('17/08/2022', 'DD-MM-YYYY'),'', 'sowing', 21, 106,NULL);
INSERT INTO Operation values (235, TO_DATE('18/08/2022', 'DD-MM-YYYY'),'', 'sowing', 1, 101,NULL);
INSERT INTO Operation values (236, TO_DATE('20/08/2022', 'DD-MM-YYYY'),'', 'harvest', 23, 104,NULL);
INSERT INTO Operation values (237, TO_DATE('24/08/2022', 'DD-MM-YYYY'),'', 'harvest', 23, 104,NULL);
INSERT INTO Operation values (238, TO_DATE('05/09/2022', 'DD-MM-YYYY'),'', 'pruning', 11, 102,NULL);
INSERT INTO Operation values (239, TO_DATE('07/09/2022', 'DD-MM-YYYY'),'', 'pruning', 13, 106,NULL);
INSERT INTO Operation values (240, TO_DATE('11/09/2022', 'DD-MM-YYYY'),'', 'harvest', 11, 102,NULL);
INSERT INTO Operation values (241, TO_DATE('20/09/2022', 'DD-MM-YYYY'),'', 'harvest', 12, 102,NULL);
INSERT INTO Operation values (242, TO_DATE('20/09/2022', 'DD-MM-YYYY'),'', 'harvest', 21, 106,NULL);
INSERT INTO Operation values (243, TO_DATE('12/10/2022', 'DD-MM-YYYY'),'', 'pruning', 24, 104,NULL);
INSERT INTO Operation values (244, TO_DATE('17/10/2022', 'DD-MM-YYYY'),'', 'pruning', 22, 104,NULL);
INSERT INTO Operation values (245, TO_DATE('06/11/2022', 'DD-MM-YYYY'),'', 'crop application', 11, 102,NULL);
INSERT INTO Operation values (246, TO_DATE('10/11/2022', 'DD-MM-YYYY'),'', 'crop application', 12, 102,NULL);
INSERT INTO Operation values (247, TO_DATE('10/11/2022', 'DD-MM-YYYY'),'', 'pruning', 26, 107,NULL);
INSERT INTO Operation values (247, TO_DATE('10/11/2022', 'DD-MM-YYYY'),'', 'pruning', 26, 107,NULL);
INSERT INTO Operation values (248, TO_DATE('12/11/2022', 'DD-MM-YYYY'),'', 'harvest', 21, 106,NULL);
INSERT INTO Operation values (249, TO_DATE('12/11/2022', 'DD-MM-YYYY'),'', 'pruning', 27, 107,NULL);
INSERT INTO Operation values (250, TO_DATE('15/11/2022', 'DD-MM-YYYY'),'', 'pruning', 23, 104,NULL);
INSERT INTO Operation values (251, TO_DATE('04/12/2022', 'DD-MM-YYYY'),'', 'harvest', 21, 106,NULL);
INSERT INTO Operation values (253, TO_DATE('11/12/2022', 'DD-MM-YYYY'),'', 'crop application', 26, 107,NULL);
INSERT INTO Operation values (254, TO_DATE('11/12/2022', 'DD-MM-YYYY'),'', 'crop application', 27, 107,NULL);
INSERT INTO Operation values (255, TO_DATE('16/12/2022', 'DD-MM-YYYY'),'', 'plantation', 28, 102,NULL);
INSERT INTO Operation values (256, TO_DATE('18/12/2022', 'DD-MM-YYYY'),'', 'crop application', 12, 102,NULL);
INSERT INTO Operation values (257, TO_DATE('18/12/2022', 'DD-MM-YYYY'),'', 'crop application', 11, 102,NULL);
INSERT INTO Operation values (258, TO_DATE('12/01/2023', 'DD-MM-YYYY'),'', 'plantation', 31, 107,NULL);
INSERT INTO Operation values (259, TO_DATE('14/01/2023', 'DD-MM-YYYY'),'', 'plantation', 30, 107,NULL);
INSERT INTO Operation values (260, TO_DATE('20/01/2023', 'DD-MM-YYYY'),'', 'plantation', 29, 107,NULL);
INSERT INTO Operation values (261, TO_DATE('20/01/2023', 'DD-MM-YYYY'),'', 'plantation', 32, 107,NULL);
INSERT INTO Operation values (262, TO_DATE('20/03/2023', 'DD-MM-YYYY'),'', 'plantation', 33, 107,NULL);
INSERT INTO Operation values (263, TO_DATE('12/10/2016', 'DD-MM-YYYY'),'', 'plantation', 34, 107,NULL);
INSERT INTO Operation values (264, TO_DATE('13/01/2021', 'DD-MM-YYYY'),'', 'crop application', 11, 102,NULL);
INSERT INTO Operation values (265, TO_DATE('12/01/2021', 'DD-MM-YYYY'),'', 'harvest', 28, 102,NULL);
INSERT INTO Operation values (266, TO_DATE('12/01/2021', 'DD-MM-YYYY'),'', 'harvest', 12, 102,NULL);
INSERT INTO Operation values (267, TO_DATE('12/01/2022', 'DD-MM-YYYY'),'', 'harvest', 11, 102,NULL);
INSERT INTO Operation values (274, TO_DATE('05/11/2023', 'DD-MM-YYYY'),'', 'crop application', 31, 107,NULL);
INSERT INTO Operation values (275, TO_DATE('08/11/2023', 'DD-MM-YYYY'),'', 'crop application', 30, 107,NULL);
INSERT INTO Operation values (276, TO_DATE('09/01/2019', 'DD-MM-YYYY'),'', 'crop application', 32, 107,NULL);
INSERT INTO Operation values (277, TO_DATE('09/01/2019', 'DD-MM-YYYY'),'', 'crop application', 33, 107,NULL);
INSERT INTO Operation values (278, TO_DATE('10/01/2019', 'DD-MM-YYYY'),'', 'crop application', 34, 107,NULL);
INSERT INTO Operation values (279, TO_DATE('10/01/2019', 'DD-MM-YYYY'),'', 'crop application', 31, 107,NULL);
INSERT INTO Operation values (280, TO_DATE('11/01/2019', 'DD-MM-YYYY'),'', 'crop application', 30, 107,NULL);
INSERT INTO Operation values (281, TO_DATE('11/01/2019', 'DD-MM-YYYY'),'', 'crop application', 32, 107,NULL);
INSERT INTO Operation values (282, TO_DATE('04/01/2019', 'DD-MM-YYYY'),'', 'crop application', 33, 107,NULL);
INSERT INTO Operation values (283, TO_DATE('06/01/2020', 'DD-MM-YYYY'),'', 'crop application', 34, 107,NULL);
INSERT INTO Operation values (284, TO_DATE('06/01/2020', 'DD-MM-YYYY'),'', 'crop application', 31, 107,NULL);
INSERT INTO Operation values (285, TO_DATE('06/01/2020', 'DD-MM-YYYY'),'', 'crop application', 30, 107,NULL);
INSERT INTO Operation values (286, TO_DATE('07/01/2020', 'DD-MM-YYYY'),'', 'crop application', 32, 107,NULL);
INSERT INTO Operation values (287, TO_DATE('07/01/2020', 'DD-MM-YYYY'),'', 'crop application', 33, 107,NULL);
INSERT INTO Operation values (288, TO_DATE('07/01/2021', 'DD-MM-YYYY'),'', 'crop application', 34, 107,NULL);
INSERT INTO Operation values (289, TO_DATE('07/01/2021', 'DD-MM-YYYY'),'', 'crop application', 31, 107,NULL);
INSERT INTO Operation values (290, TO_DATE('07/01/2021', 'DD-MM-YYYY'),'', 'crop application', 30, 107,NULL);
INSERT INTO Operation values (291, TO_DATE('07/01/2021', 'DD-MM-YYYY'),'', 'crop application', 32, 107,NULL);
INSERT INTO Operation values (292, TO_DATE('07/01/2021', 'DD-MM-YYYY'),'', 'crop application', 33, 107,NULL);
INSERT INTO Operation values (293, TO_DATE('08/01/2021', 'DD-MM-YYYY'),'', 'crop application', 34, 107,NULL);
INSERT INTO Operation values (304, TO_DATE('16/01/2022', 'DD-MM-YYYY'),'', 'harvest', 32, 107,NULL);
INSERT INTO Operation values (305, TO_DATE('16/01/2022', 'DD-MM-YYYY'),'', 'harvest', 33, 107,NULL);
INSERT INTO Operation values (306, TO_DATE('15/09/2023', 'DD-MM-YYYY'),'', 'harvest', 33, 107,NULL);
INSERT INTO Operation values (307, TO_DATE('16/09/2023', 'DD-MM-YYYY'),'', 'harvest', 29, 107,NULL);
INSERT INTO Operation values (308, TO_DATE('20/09/2023', 'DD-MM-YYYY'),'', 'harvest', 29, 107,NULL);
INSERT INTO Operation values (309, TO_DATE('27/09/2023', 'DD-MM-YYYY'),'', 'harvest', 34, 107,NULL);
INSERT INTO Operation values (310, TO_DATE('05/10/2023', 'DD-MM-YYYY'),'', 'harvest', 30, 107,NULL);
INSERT INTO Operation values (311, TO_DATE('15/10/2023', 'DD-MM-YYYY'),'', 'harvest', 31, 107,NULL);
INSERT INTO Operation values (312, TO_DATE('15/10/2023', 'DD-MM-YYYY'),'', 'harvest', 31, 107,NULL);
INSERT INTO Operation values (313, TO_DATE('12/11/2023', 'DD-MM-YYYY'),'', 'harvest', 24, 104,NULL);
INSERT INTO Operation values (314, TO_DATE('15/11/2023', 'DD-MM-YYYY'),'', 'harvest', 24, 104,NULL);
INSERT INTO Operation values (315, TO_DATE('18/08/2023', 'DD-MM-YYYY'),'', 'harvest', 22, 104,NULL);
INSERT INTO Operation values (316, TO_DATE('30/08/2023', 'DD-MM-YYYY'),'', 'harvest', 22, 104,NULL);
INSERT INTO Operation values (317, TO_DATE('05/09/2023', 'DD-MM-YYYY'),'', 'harvest', 23, 104,NULL);
INSERT INTO Operation values (318, TO_DATE('08/09/2023', 'DD-MM-YYYY'),'', 'harvest', 23, 104,NULL);
INSERT INTO Operation values (320, TO_DATE('03/10/2023', 'DD-MM-YYYY'),'', 'sowing', 16, 106,NULL);
INSERT INTO Operation values (321, TO_DATE('01/04/2023', 'DD-MM-YYYY'),'', 'sowing', 36, 108,NULL);
INSERT INTO Operation values (322, TO_DATE('03/07/2023', 'DD-MM-YYYY'),'', 'weed', 16, 106,NULL);
INSERT INTO Operation values (323, TO_DATE('05/04/2023', 'DD-MM-YYYY'),'', 'weed', 36, 108,NULL);
INSERT INTO Operation values (324, TO_DATE('06/04/2023', 'DD-MM-YYYY'),'', 'harvest', 16, 106,NULL);
INSERT INTO Operation values (325, TO_DATE('08/05/2023', 'DD-MM-YYYY'),'', 'weed', 36, 108,NULL);
INSERT INTO Operation values (327, TO_DATE('14/06/2023', 'DD-MM-YYYY'),'', 'sowing', 17, 106,NULL);
INSERT INTO Operation values (328, TO_DATE('20/06/2023', 'DD-MM-YYYY'),'', 'weed', 17, 106,NULL);
INSERT INTO Operation values (329, TO_DATE('28/06/2023', 'DD-MM-YYYY'),'', 'harvest', 36, 108,NULL);
INSERT INTO Operation values (330, TO_DATE('04/07/2023', 'DD-MM-YYYY'),'', 'harvest', 36, 108,NULL);
INSERT INTO Operation values (331, TO_DATE('05/07/2023', 'DD-MM-YYYY'),'', 'harvest', 17, 106,NULL);
INSERT INTO Operation values (332, TO_DATE('08/08/2023', 'DD-MM-YYYY'),'', 'harvest', 17, 106,NULL);
INSERT INTO Operation values (333, TO_DATE('15/09/2023', 'DD-MM-YYYY'),'', 'harvest', 17, 106,NULL);
INSERT INTO Operation values (334, TO_DATE('25/09/2023', 'DD-MM-YYYY'),'', 'sowing', 1, 101,NULL);
INSERT INTO Operation values (335, TO_DATE('18/09/2023', 'DD-MM-YYYY'),'', 'fertigation', 11, 102,NULL);
INSERT INTO Operation values (336, TO_DATE('22/09/2023', 'DD-MM-YYYY'),'', 'fertigation', 12, 102,NULL);
INSERT INTO Operation values (337, TO_DATE('05/10/2023', 'DD-MM-YYYY'),'', 'watering', 11, 102,NULL);
INSERT INTO Operation values (338, TO_DATE('10/10/2023', 'DD-MM-YYYY'),'', 'watering', 12, 102,NULL);
INSERT INTO Operation values (339, TO_DATE('12/10/2023', 'DD-MM-YYYY'),'', 'fertigation', 11, 102,NULL);
INSERT INTO Operation values (340, TO_DATE('02/06/2023', 'DD-MM-YYYY'),'', 'fertigation', 12, 102,NULL);
INSERT INTO Operation values (341, TO_DATE('02/06/2023', 'DD-MM-YYYY'),'', 'watering', 12, 102,NULL);
INSERT INTO Operation values (342, TO_DATE('17/06/2023', 'DD-MM-YYYY'),'', 'watering', 11, 102,NULL);
INSERT INTO Operation values (343, TO_DATE('17/06/2023', 'DD-MM-YYYY'),'', 'fertigation', 11, 102,NULL);
INSERT INTO Operation values (344, TO_DATE('02/07/2023', 'DD-MM-YYYY'),'', 'fertigation', 12, 102,NULL);
INSERT INTO Operation values (345, TO_DATE('02/07/2023', 'DD-MM-YYYY'),'', 'watering', 12, 102,NULL);
INSERT INTO Operation values (346, TO_DATE('17/07/2023', 'DD-MM-YYYY'),'', 'watering', 11, 102,NULL);
INSERT INTO Operation values (347, TO_DATE('17/07/2023', 'DD-MM-YYYY'),'', 'watering', 12, 102,NULL);
INSERT INTO Operation values (348, TO_DATE('02/08/2023', 'DD-MM-YYYY'),'', 'watering', 11, 102,NULL);
INSERT INTO Operation values (349, TO_DATE('02/08/2023', 'DD-MM-YYYY'),'', 'watering', 11, 102,NULL);
INSERT INTO Operation values (350, TO_DATE('17/08/2023', 'DD-MM-YYYY'),'', 'watering', 12, 102,NULL);
INSERT INTO Operation values (351, TO_DATE('17/08/2023', 'DD-MM-YYYY'),'', 'watering', 11, 102,NULL);
INSERT INTO Operation values (352, TO_DATE('04/09/2023', 'DD-MM-YYYY'),'', 'watering', 12, 102,NULL);
INSERT INTO Operation values (353, TO_DATE('04/09/2023', 'DD-MM-YYYY'),'', 'watering', 11, 102,NULL);
INSERT INTO Operation values (354, TO_DATE('18/09/2023', 'DD-MM-YYYY'),'', 'watering', 12, 102,NULL);
INSERT INTO Operation values (355, TO_DATE('18/09/2023', 'DD-MM-YYYY'),'', 'watering', 31, 107,NULL);
INSERT INTO Operation values (356, TO_DATE('02/10/2023', 'DD-MM-YYYY'),'', 'watering', 30, 107,NULL);
INSERT INTO Operation values (357, TO_DATE('02/10/2023', 'DD-MM-YYYY'),'', 'watering', 32, 107,NULL);
INSERT INTO Operation values (358, TO_DATE('18/09/2023', 'DD-MM-YYYY'),'', 'watering', 33, 107,NULL);
INSERT INTO Operation values (359, TO_DATE('18/09/2023', 'DD-MM-YYYY'),'', 'watering', 34, 107,NULL);
INSERT INTO Operation values (360, TO_DATE('13/05/2023', 'DD-MM-YYYY'),'', 'watering', 31, 107,NULL);
INSERT INTO Operation values (361, TO_DATE('13/05/2023', 'DD-MM-YYYY'),'', 'watering', 30, 107,NULL);
INSERT INTO Operation values (362, TO_DATE('13/05/2023', 'DD-MM-YYYY'),'', 'watering', 32, 107,NULL);
INSERT INTO Operation values (363, TO_DATE('13/05/2023', 'DD-MM-YYYY'),'', 'watering', 33, 107,NULL);
INSERT INTO Operation values (364, TO_DATE('13/05/2023', 'DD-MM-YYYY'),'', 'watering', 34, 107,NULL);
INSERT INTO Operation values (365, TO_DATE('02/06/2023', 'DD-MM-YYYY'),'', 'fertigation', 31, 107,NULL);
INSERT INTO Operation values (366, TO_DATE('02/06/2023', 'DD-MM-YYYY'),'', 'fertigation', 30, 107,NULL);
INSERT INTO Operation values (367, TO_DATE('02/06/2023', 'DD-MM-YYYY'),'', 'fertigation', 32, 107,NULL);
INSERT INTO Operation values (368, TO_DATE('02/06/2023', 'DD-MM-YYYY'),'', 'fertigation', 33, 107,NULL);
INSERT INTO Operation values (369, TO_DATE('02/06/2023', 'DD-MM-YYYY'),'', 'fertigation', 34, 107,NULL);
INSERT INTO Operation values (370, TO_DATE('16/06/2023', 'DD-MM-YYYY'),'', 'watering', 31, 107,NULL);
INSERT INTO Operation values (371, TO_DATE('16/06/2023', 'DD-MM-YYYY'),'', 'watering', 30, 107,NULL);
INSERT INTO Operation values (372, TO_DATE('16/06/2023', 'DD-MM-YYYY'),'', 'watering', 32, 107,NULL);
INSERT INTO Operation values (373, TO_DATE('16/06/2023', 'DD-MM-YYYY'),'', 'watering', 33, 107,NULL);
INSERT INTO Operation values (374, TO_DATE('16/06/2023', 'DD-MM-YYYY'),'', 'watering', 34, 107,NULL);
INSERT INTO Operation values (375, TO_DATE('01/07/2023', 'DD-MM-YYYY'),'', 'watering', 31, 107,NULL);
INSERT INTO Operation values (376, TO_DATE('01/07/2023', 'DD-MM-YYYY'),'', 'watering', 30, 107,NULL);
INSERT INTO Operation values (377, TO_DATE('01/07/2023', 'DD-MM-YYYY'),'', 'watering', 32, 107,NULL);
INSERT INTO Operation values (378, TO_DATE('01/07/2023', 'DD-MM-YYYY'),'', 'watering', 33, 107,NULL);
INSERT INTO Operation values (379, TO_DATE('01/07/2023', 'DD-MM-YYYY'),'', 'watering', 34, 107,NULL);
INSERT INTO Operation values (380, TO_DATE('08/07/2023', 'DD-MM-YYYY'),'', 'fertigation', 31, 107,NULL);
INSERT INTO Operation values (381, TO_DATE('08/07/2023', 'DD-MM-YYYY'),'', 'fertigation', 30, 107,NULL);
INSERT INTO Operation values (382, TO_DATE('08/07/2023', 'DD-MM-YYYY'),'', 'fertigation', 32, 107,NULL);
INSERT INTO Operation values (383, TO_DATE('08/07/2023', 'DD-MM-YYYY'),'', 'fertigation', 33, 107,NULL);
INSERT INTO Operation values (384, TO_DATE('08/07/2023', 'DD-MM-YYYY'),'', 'fertigation', 34, 107,NULL);
INSERT INTO Operation values (385, TO_DATE('15/07/2023', 'DD-MM-YYYY'),'', 'watering', 31, 107,NULL);
INSERT INTO Operation values (386, TO_DATE('15/07/2023', 'DD-MM-YYYY'),'', 'watering', 30, 107,NULL);
INSERT INTO Operation values (387, TO_DATE('15/07/2023', 'DD-MM-YYYY'),'', 'watering', 32, 107,NULL);
INSERT INTO Operation values (388, TO_DATE('15/07/2023', 'DD-MM-YYYY'),'', 'watering', 33, 107,NULL);
INSERT INTO Operation values (389, TO_DATE('15/07/2023', 'DD-MM-YYYY'),'', 'watering', 34, 107,NULL);
INSERT INTO Operation values (390, TO_DATE('22/07/2023', 'DD-MM-YYYY'),'', 'watering', 31, 107,NULL);
INSERT INTO Operation values (391, TO_DATE('22/07/2023', 'DD-MM-YYYY'),'', 'watering', 30, 107,NULL);
INSERT INTO Operation values (392, TO_DATE('22/07/2023', 'DD-MM-YYYY'),'', 'watering', 32, 107,NULL);
INSERT INTO Operation values (393, TO_DATE('22/07/2023', 'DD-MM-YYYY'),'', 'watering', 33, 107,NULL);
INSERT INTO Operation values (394, TO_DATE('22/07/2023', 'DD-MM-YYYY'),'', 'watering', 34, 107,NULL);
INSERT INTO Operation values (395, TO_DATE('29/07/2023', 'DD-MM-YYYY'),'', 'watering', 31, 107,NULL);
INSERT INTO Operation values (396, TO_DATE('29/07/2023', 'DD-MM-YYYY'),'', 'watering', 30, 107,NULL);
INSERT INTO Operation values (397, TO_DATE('29/07/2023', 'DD-MM-YYYY'),'', 'watering', 32, 107,NULL);
INSERT INTO Operation values (398, TO_DATE('29/07/2023', 'DD-MM-YYYY'),'', 'watering', 33, 107,NULL);
INSERT INTO Operation values (399, TO_DATE('29/07/2023', 'DD-MM-YYYY'),'', 'watering', 34, 107,NULL);
INSERT INTO Operation values (400, TO_DATE('05/08/2023', 'DD-MM-YYYY'),'', 'fertigation', 31, 107,NULL);
INSERT INTO Operation values (401, TO_DATE('05/08/2023', 'DD-MM-YYYY'),'', 'fertigation', 30, 107,NULL);
INSERT INTO Operation values (402, TO_DATE('05/08/2023', 'DD-MM-YYYY'),'', 'fertigation', 32, 107,NULL);
INSERT INTO Operation values (403, TO_DATE('05/08/2023', 'DD-MM-YYYY'),'', 'fertigation', 33, 107,NULL);
INSERT INTO Operation values (404, TO_DATE('05/08/2023', 'DD-MM-YYYY'),'', 'fertigation', 34, 107,NULL);
INSERT INTO Operation values (405, TO_DATE('10/08/2023', 'DD-MM-YYYY'),'', 'watering', 31, 107,NULL);
INSERT INTO Operation values (406, TO_DATE('10/08/2023', 'DD-MM-YYYY'),'', 'watering', 30, 107,NULL);
INSERT INTO Operation values (407, TO_DATE('10/08/2023', 'DD-MM-YYYY'),'', 'watering', 32, 107,NULL);
INSERT INTO Operation values (408, TO_DATE('10/08/2023', 'DD-MM-YYYY'),'', 'watering', 33, 107,NULL);
INSERT INTO Operation values (409, TO_DATE('10/08/2023', 'DD-MM-YYYY'),'', 'watering', 34, 107,NULL);
INSERT INTO Operation values (410, TO_DATE('17/08/2023', 'DD-MM-YYYY'),'', 'watering', 31, 107,NULL);
INSERT INTO Operation values (411, TO_DATE('17/08/2023', 'DD-MM-YYYY'),'', 'watering', 30, 107,NULL);
INSERT INTO Operation values (412, TO_DATE('17/08/2023', 'DD-MM-YYYY'),'', 'watering', 32, 107,NULL);
INSERT INTO Operation values (413, TO_DATE('17/08/2023', 'DD-MM-YYYY'),'', 'watering', 33, 107,NULL);
INSERT INTO Operation values (414, TO_DATE('17/08/2023', 'DD-MM-YYYY'),'', 'watering', 34, 107,NULL);
INSERT INTO Operation values (415, TO_DATE('24/08/2023', 'DD-MM-YYYY'),'', 'watering', 31, 107,NULL);
INSERT INTO Operation values (416, TO_DATE('24/08/2023', 'DD-MM-YYYY'),'', 'watering', 30, 107,NULL);
INSERT INTO Operation values (417, TO_DATE('24/08/2023', 'DD-MM-YYYY'),'', 'watering', 32, 107,NULL);
INSERT INTO Operation values (418, TO_DATE('24/08/2023', 'DD-MM-YYYY'),'', 'watering', 33, 107,NULL);
INSERT INTO Operation values (419, TO_DATE('24/08/2023', 'DD-MM-YYYY'),'', 'watering', 34, 107,NULL);
INSERT INTO Operation values (420, TO_DATE('02/09/2023', 'DD-MM-YYYY'),'', 'fertigation', 31, 107,NULL);
INSERT INTO Operation values (421, TO_DATE('02/09/2023', 'DD-MM-YYYY'),'', 'fertigation', 30, 107,NULL);
INSERT INTO Operation values (422, TO_DATE('02/09/2023', 'DD-MM-YYYY'),'', 'fertigation', 32, 107,NULL);
INSERT INTO Operation values (423, TO_DATE('02/09/2023', 'DD-MM-YYYY'),'', 'fertigation', 33, 107,NULL);
INSERT INTO Operation values (424, TO_DATE('02/09/2023', 'DD-MM-YYYY'),'', 'fertigation', 34, 107,NULL);
INSERT INTO Operation values (425, TO_DATE('09/09/2023', 'DD-MM-YYYY'),'', 'watering', 31, 107,NULL);
INSERT INTO Operation values (426, TO_DATE('09/09/2023', 'DD-MM-YYYY'),'', 'watering', 30, 107,NULL);
INSERT INTO Operation values (427, TO_DATE('09/09/2023', 'DD-MM-YYYY'),'', 'watering', 32, 107,NULL);
INSERT INTO Operation values (428, TO_DATE('09/09/2023', 'DD-MM-YYYY'),'', 'watering', 33, 107,NULL);
INSERT INTO Operation values (429, TO_DATE('09/09/2023', 'DD-MM-YYYY'),'', 'watering', 34, 107,NULL);
INSERT INTO Operation values (430, TO_DATE('12/06/2023', 'DD-MM-YYYY'),'', 'watering', 16, 106,NULL);
INSERT INTO Operation values (431, TO_DATE('12/06/2023', 'DD-MM-YYYY'),'', 'watering', 17, 106,NULL);
INSERT INTO Operation values (432, TO_DATE('12/06/2023', 'DD-MM-YYYY'),'', 'watering', 36, 108,NULL);
INSERT INTO Operation values (433, TO_DATE('19/06/2023', 'DD-MM-YYYY'),'', 'watering', 16, 106,NULL);
INSERT INTO Operation values (434, TO_DATE('19/06/2023', 'DD-MM-YYYY'),'', 'watering', 17, 106,NULL);
INSERT INTO Operation values (435, TO_DATE('19/06/2023', 'DD-MM-YYYY'),'', 'watering', 36, 108,NULL);
INSERT INTO Operation values (436, TO_DATE('30/06/2023', 'DD-MM-YYYY'),'', 'fertigation', 16, 106,NULL);
INSERT INTO Operation values (437, TO_DATE('30/06/2023', 'DD-MM-YYYY'),'', 'fertigation', 17, 106,NULL);
INSERT INTO Operation values (438, TO_DATE('30/06/2023', 'DD-MM-YYYY'),'', 'fertigation', 36, 108,NULL);
INSERT INTO Operation values (439, TO_DATE('08/07/2023', 'DD-MM-YYYY'),'', 'watering', 16, 106,NULL);
INSERT INTO Operation values (440, TO_DATE('08/07/2023', 'DD-MM-YYYY'),'', 'watering', 17, 106,NULL);
INSERT INTO Operation values (441, TO_DATE('08/07/2023', 'DD-MM-YYYY'),'', 'watering', 36, 108,NULL);
INSERT INTO Operation values (442, TO_DATE('15/07/2023', 'DD-MM-YYYY'),'', 'fertigation', 16, 106,NULL);
INSERT INTO Operation values (443, TO_DATE('15/07/2023', 'DD-MM-YYYY'),'', 'fertigation', 17, 106,NULL);
INSERT INTO Operation values (444, TO_DATE('15/07/2023', 'DD-MM-YYYY'),'', 'fertigation', 36, 108,NULL);
INSERT INTO Operation values (445, TO_DATE('22/07/2023', 'DD-MM-YYYY'),'', 'watering', 16, 106,NULL);
INSERT INTO Operation values (446, TO_DATE('22/07/2023', 'DD-MM-YYYY'),'', 'watering', 17, 106,NULL);
INSERT INTO Operation values (447, TO_DATE('22/07/2023', 'DD-MM-YYYY'),'', 'watering', 36, 108,NULL);
INSERT INTO Operation values (448, TO_DATE('29/07/2023', 'DD-MM-YYYY'),'', 'fertigation', 16, 106,NULL);
INSERT INTO Operation values (449, TO_DATE('29/07/2023', 'DD-MM-YYYY'),'', 'fertigation', 17, 106,NULL);
INSERT INTO Operation values (450, TO_DATE('29/07/2023', 'DD-MM-YYYY'),'', 'fertigation', 36, 108,NULL);
INSERT INTO Operation values (451, TO_DATE('05/08/2023', 'DD-MM-YYYY'),'', 'watering', 16, 106,NULL);
INSERT INTO Operation values (452, TO_DATE('05/08/2023', 'DD-MM-YYYY'),'', 'watering', 17, 106,NULL);
INSERT INTO Operation values (453, TO_DATE('05/08/2023', 'DD-MM-YYYY'),'', 'watering', 36, 108,NULL);
INSERT INTO Operation values (454, TO_DATE('12/08/2023', 'DD-MM-YYYY'),'', 'fertigation', 16, 106,NULL);
INSERT INTO Operation values (455, TO_DATE('12/08/2023', 'DD-MM-YYYY'),'', 'fertigation', 17, 106,NULL);
INSERT INTO Operation values (456, TO_DATE('12/08/2023', 'DD-MM-YYYY'),'', 'fertigation', 36, 108,NULL);
INSERT INTO Operation values (457, TO_DATE('19/08/2023', 'DD-MM-YYYY'),'', 'watering', 16, 106,NULL);
INSERT INTO Operation values (458, TO_DATE('19/08/2023', 'DD-MM-YYYY'),'', 'watering', 17, 106,NULL);
INSERT INTO Operation values (459, TO_DATE('19/08/2023', 'DD-MM-YYYY'),'', 'watering', 36, 108,NULL);
INSERT INTO Operation values (460, TO_DATE('26/08/2023', 'DD-MM-YYYY'),'', 'watering', 16, 106,NULL);
INSERT INTO Operation values (461, TO_DATE('26/08/2023', 'DD-MM-YYYY'),'', 'watering', 17, 106,NULL);
INSERT INTO Operation values (462, TO_DATE('26/08/2023', 'DD-MM-YYYY'),'', 'watering', 36, 108,NULL);
INSERT INTO Operation values (463, TO_DATE('31/08/2023', 'DD-MM-YYYY'),'', 'watering', 16, 106,NULL);
INSERT INTO Operation values (464, TO_DATE('31/08/2023', 'DD-MM-YYYY'),'', 'watering', 17, 106,NULL);
INSERT INTO Operation values (465, TO_DATE('31/08/2023', 'DD-MM-YYYY'),'', 'watering', 36, 108,NULL);
INSERT INTO Operation values (466, TO_DATE('05/09/2023', 'DD-MM-YYYY'),'', 'watering', 16, 106,NULL);
INSERT INTO Operation values (467, TO_DATE('05/09/2023', 'DD-MM-YYYY'),'', 'watering', 17, 106,NULL);
INSERT INTO Operation values (468, TO_DATE('05/09/2023', 'DD-MM-YYYY'),'', 'watering', 36, 108,NULL);
INSERT INTO Operation values (469, TO_DATE('20/05/2023', 'DD-MM-YYYY'),'', 'fertigation', 16, 106,NULL);
INSERT INTO Operation values (470, TO_DATE('20/05/2023', 'DD-MM-YYYY'),'', 'fertigation', 16, 106,NULL);
INSERT INTO Operation values (471, TO_DATE('20/05/2023', 'DD-MM-YYYY'),'', 'fertigation', 36, 108,NULL);
INSERT INTO Operation values (472, TO_DATE('02/06/2023', 'DD-MM-YYYY'),'', 'watering', 16, 106,NULL);
INSERT INTO Operation values (473, TO_DATE('02/06/2023', 'DD-MM-YYYY'),'', 'watering', 17, 106,NULL);
INSERT INTO Operation values (474, TO_DATE('02/06/2023', 'DD-MM-YYYY'),'', 'watering', 36, 108,NULL);
INSERT INTO Operation values (475, TO_DATE('09/06/2023', 'DD-MM-YYYY'),'', 'watering', 16, 106,NULL);
INSERT INTO Operation values (476, TO_DATE('09/06/2023', 'DD-MM-YYYY'),'', 'watering', 17, 106,NULL);
INSERT INTO Operation values (477, TO_DATE('09/06/2023', 'DD-MM-YYYY'),'', 'watering', 36, 108,NULL);
INSERT INTO Operation values (478, TO_DATE('09/07/2023', 'DD-MM-YYYY'),'', 'fertigation', 16, 106,NULL);
INSERT INTO Operation values (479, TO_DATE('09/07/2023', 'DD-MM-YYYY'),'', 'fertigation', 17, 106,NULL);
INSERT INTO Operation values (480, TO_DATE('09/07/2023', 'DD-MM-YYYY'),'', 'fertigation', 36, 108,NULL);
INSERT INTO Operation values (481, TO_DATE('16/07/2023', 'DD-MM-YYYY'),'', 'watering', 16, 106,NULL);
INSERT INTO Operation values (482, TO_DATE('16/07/2023', 'DD-MM-YYYY'),'', 'watering', 17, 106,NULL);
INSERT INTO Operation values (483, TO_DATE('16/07/2023', 'DD-MM-YYYY'),'', 'watering', 36, 108,NULL);
INSERT INTO Operation values (484, TO_DATE('23/07/2023', 'DD-MM-YYYY'),'', 'watering', 16, 106,NULL);
INSERT INTO Operation values (485, TO_DATE('23/07/2023', 'DD-MM-YYYY'),'', 'watering', 17, 106,NULL);
INSERT INTO Operation values (486, TO_DATE('23/07/2023', 'DD-MM-YYYY'),'', 'watering', 36, 108,NULL);
INSERT INTO Operation values (487, TO_DATE('30/07/2023', 'DD-MM-YYYY'),'', 'watering', 16, 106,NULL);
INSERT INTO Operation values (488, TO_DATE('30/07/2023', 'DD-MM-YYYY'),'', 'watering', 17, 106,NULL);
INSERT INTO Operation values (489, TO_DATE('30/07/2023', 'DD-MM-YYYY'),'', 'watering', 36, 108,NULL);
INSERT INTO Operation values (490, TO_DATE('07/08/2023', 'DD-MM-YYYY'),'', 'watering', 16, 106,NULL);
INSERT INTO Operation values (491, TO_DATE('07/08/2023', 'DD-MM-YYYY'),'', 'watering', 17, 106,NULL);
INSERT INTO Operation values (492, TO_DATE('07/08/2023', 'DD-MM-YYYY'),'', 'watering', 36, 108,NULL);
INSERT INTO Operation values (493, TO_DATE('14/08/2023', 'DD-MM-YYYY'),'', 'watering', 16, 106,NULL);
INSERT INTO Operation values (494, TO_DATE('14/08/2023', 'DD-MM-YYYY'),'', 'watering', 17, 106,NULL);
INSERT INTO Operation values (495, TO_DATE('14/08/2023', 'DD-MM-YYYY'),'', 'watering', 36, 108,NULL);
INSERT INTO Operation values (496, TO_DATE('21/08/2023', 'DD-MM-YYYY'),'', 'watering', 16, 106,NULL);
INSERT INTO Operation values (497, TO_DATE('21/08/2023', 'DD-MM-YYYY'),'', 'watering', 17, 106,NULL);
INSERT INTO Operation values (498, TO_DATE('21/08/2023', 'DD-MM-YYYY'),'', 'watering', 36, 108,NULL);
INSERT INTO Operation values (499, TO_DATE('28/08/2023', 'DD-MM-YYYY'),'', 'watering', 16, 106,NULL);
INSERT INTO Operation values (500, TO_DATE('28/08/2023', 'DD-MM-YYYY'),'', 'watering', 17, 106,NULL);
INSERT INTO Operation values (501, TO_DATE('28/08/2023', 'DD-MM-YYYY'),'', 'watering', 36, 108,NULL);
INSERT INTO Operation values (502, TO_DATE('06/09/2023', 'DD-MM-YYYY'),'', 'watering', 16, 106,NULL);
INSERT INTO Operation values (503, TO_DATE('06/09/2023', 'DD-MM-YYYY'),'', 'watering', 17, 106,NULL);
INSERT INTO Operation values (504, TO_DATE('06/09/2023', 'DD-MM-YYYY'),'', 'watering', 36, 108,NULL);
INSERT INTO Operation values (505, TO_DATE('13/09/2023', 'DD-MM-YYYY'),'', 'watering', 16, 106,NULL);
INSERT INTO Operation values (506, TO_DATE('13/09/2023', 'DD-MM-YYYY'),'', 'watering', 17, 106,NULL);
INSERT INTO Operation values (507, TO_DATE('13/09/2023', 'DD-MM-YYYY'),'', 'watering', 36, 108,NULL);
INSERT INTO Operation values (508, TO_DATE('20/09/2023', 'DD-MM-YYYY'),'', 'watering', 16, 106,NULL);
INSERT INTO Operation values (509, TO_DATE('20/09/2023', 'DD-MM-YYYY'),'', 'watering', 17, 106,NULL);
INSERT INTO Operation values (510, TO_DATE('20/09/2023', 'DD-MM-YYYY'),'', 'watering', 36, 108,NULL);

INSERT INTO Plantation(operationID, plantsNumber, compass, queuesDistance) values (1, 30, 5, 5);
INSERT INTO Plantation(operationID, plantsNumber, compass, queuesDistance) values (2, 20, 5, 5);
INSERT INTO Plantation(operationID, plantsNumber, compass, queuesDistance) values (3, 90, 5, 5);
INSERT INTO Plantation(operationID, plantsNumber, compass, queuesDistance) values (4, 60, 5, 5);
INSERT INTO Plantation(operationID, plantsNumber, compass, queuesDistance) values (5, 40, 5, 5);
INSERT INTO Plantation(operationID, plantsNumber, compass, queuesDistance) values (29, 500, 5, 5);
INSERT INTO Plantation(operationID, plantsNumber, compass, queuesDistance) values (30, 700, 5, 5);
INSERT INTO Plantation(operationID, plantsNumber, compass, queuesDistance) values (56, 30, 5, 5);
INSERT INTO Plantation(operationID, plantsNumber, compass, queuesDistance) values (255, 40, 6, 6);
INSERT INTO Plantation(operationID, plantsNumber, compass, queuesDistance) values (258, 50, 5, 5);
INSERT INTO Plantation(operationID, plantsNumber, compass, queuesDistance) values (259, 20, 5, 5);
INSERT INTO Plantation(operationID, plantsNumber, compass, queuesDistance) values (260, 40, 5, 5);
INSERT INTO Plantation(operationID, plantsNumber, compass, queuesDistance) values (261, 30, 5, 5);
INSERT INTO Plantation(operationID, plantsNumber, compass, queuesDistance) values (262, 40, 5, 5);
INSERT INTO Plantation(operationID, plantsNumber, compass, queuesDistance) values (263, 50, 5, 5);

INSERT INTO Watering(operationID, duration, inicialHour, setorID) values (337, 30, '05:00', 10);
INSERT INTO Watering(operationID, duration, inicialHour, setorID) values (338, 30, '05:00', 10);
INSERT INTO Watering(operationID, duration, inicialHour, setorID) values (341, 30, '05:00', 10);
INSERT INTO Watering(operationID, duration, inicialHour, setorID) values (342, 30, '05:00', 10);
INSERT INTO Watering(operationID, duration, inicialHour, setorID) values (345, 60, '05:00', 10);
INSERT INTO Watering(operationID, duration, inicialHour, setorID) values (346, 60, '05:00', 10);
INSERT INTO Watering(operationID, duration, inicialHour, setorID) values (347, 120, '06:00', 10);
INSERT INTO Watering(operationID, duration, inicialHour, setorID) values (348, 120, '06:00', 10);
INSERT INTO Watering(operationID, duration, inicialHour, setorID) values (349, 30, '05:00', 10);
INSERT INTO Watering(operationID, duration, inicialHour, setorID) values (350, 30, '05:00', 10);
INSERT INTO Watering(operationID, duration, inicialHour, setorID) values (351, 60, '06:00', 10);
INSERT INTO Watering(operationID, duration, inicialHour, setorID) values (352, 60, '06:00', 10);
INSERT INTO Watering(operationID, duration, inicialHour, setorID) values (353, 30, '05:00', 10);
INSERT INTO Watering(operationID, duration, inicialHour, setorID) values (354, 30, '05:00', 10);
INSERT INTO Watering(operationID, duration, inicialHour, setorID) values (355, 120, '23:00', 10);
INSERT INTO Watering(operationID, duration, inicialHour, setorID) values (356, 120, '23:00', 10);
INSERT INTO Watering(operationID, duration, inicialHour, setorID) values (357, 120, '23:00', 22);
INSERT INTO Watering(operationID, duration, inicialHour, setorID) values (358, 120, '23:00', 22);
INSERT INTO Watering(operationID, duration, inicialHour, setorID) values (359, 120, '23:00', 22);
INSERT INTO Watering(operationID, duration, inicialHour, setorID) values (360, 120, '23:00', 22);
INSERT INTO Watering(operationID, duration, inicialHour, setorID) values (361, 120, '23:00', 22);
INSERT INTO Watering(operationID, duration, inicialHour, setorID) values (362, 120, '23:00', 22);
INSERT INTO Watering(operationID, duration, inicialHour, setorID) values (363, 120, '23:00', 22);
INSERT INTO Watering(operationID, duration, inicialHour, setorID) values (364, 120, '23:00', 22);
INSERT INTO Watering(operationID, duration, inicialHour, setorID) values (370, 120, '23:00', 22);
INSERT INTO Watering(operationID, duration, inicialHour, setorID) values (371, 120, '23:00', 22);
INSERT INTO Watering(operationID, duration, inicialHour, setorID) values (372, 120, '23:00', 22);
INSERT INTO Watering(operationID, duration, inicialHour, setorID) values (373, 120, '23:00', 22);
INSERT INTO Watering(operationID, duration, inicialHour, setorID) values (374, 120, '23:00', 22);
INSERT INTO Watering(operationID, duration, inicialHour, setorID) values (375, 180, '23:00', 22);
INSERT INTO Watering(operationID, duration, inicialHour, setorID) values (376, 180, '23:00', 22);
INSERT INTO Watering(operationID, duration, inicialHour, setorID) values (377, 180, '23:00', 22);
INSERT INTO Watering(operationID, duration, inicialHour, setorID) values (378, 180, '23:00', 22);
INSERT INTO Watering(operationID, duration, inicialHour, setorID) values (379, 180, '23:00', 22);
INSERT INTO Watering(operationID, duration, inicialHour, setorID) values (385, 180, '23:00', 22);
INSERT INTO Watering(operationID, duration, inicialHour, setorID) values (386, 180, '23:00', 22);
INSERT INTO Watering(operationID, duration, inicialHour, setorID) values (387, 180, '23:00', 22);
INSERT INTO Watering(operationID, duration, inicialHour, setorID) values (388, 180, '23:00', 22);
INSERT INTO Watering(operationID, duration, inicialHour, setorID) values (389, 180, '23:00', 22);
INSERT INTO Watering(operationID, duration, inicialHour, setorID) values (390, 180, '23:00', 22);
INSERT INTO Watering(operationID, duration, inicialHour, setorID) values (391, 180, '23:00', 22);
INSERT INTO Watering(operationID, duration, inicialHour, setorID) values (392, 180, '23:00', 22);
INSERT INTO Watering(operationID, duration, inicialHour, setorID) values (393, 180, '23:00', 22);
INSERT INTO Watering(operationID, duration, inicialHour, setorID) values (394, 180, '23:00', 22);
INSERT INTO Watering(operationID, duration, inicialHour, setorID) values (395, 150, '23:00', 22);
INSERT INTO Watering(operationID, duration, inicialHour, setorID) values (396, 150, '23:00', 22);
INSERT INTO Watering(operationID, duration, inicialHour, setorID) values (397, 150, '23:00', 22);
INSERT INTO Watering(operationID, duration, inicialHour, setorID) values (398, 150, '23:00', 22);
INSERT INTO Watering(operationID, duration, inicialHour, setorID) values (399, 150, '23:00', 22);
INSERT INTO Watering(operationID, duration, inicialHour, setorID) values (405, 150, '23:00', 22);
INSERT INTO Watering(operationID, duration, inicialHour, setorID) values (406, 150, '23:00', 22);
INSERT INTO Watering(operationID, duration, inicialHour, setorID) values (407, 150, '23:00', 22);
INSERT INTO Watering(operationID, duration, inicialHour, setorID) values (408, 150, '23:00', 22);
INSERT INTO Watering(operationID, duration, inicialHour, setorID) values (409, 150, '23:00', 22);
INSERT INTO Watering(operationID, duration, inicialHour, setorID) values (410, 150, '23:00', 22);
INSERT INTO Watering(operationID, duration, inicialHour, setorID) values (411, 150, '23:00', 22);
INSERT INTO Watering(operationID, duration, inicialHour, setorID) values (412, 120, '23:00', 22);
INSERT INTO Watering(operationID, duration, inicialHour, setorID) values (413, 120, '23:00', 22);
INSERT INTO Watering(operationID, duration, inicialHour, setorID) values (414, 120, '23:00', 22);
INSERT INTO Watering(operationID, duration, inicialHour, setorID) values (415, 120, '23:00', 22);
INSERT INTO Watering(operationID, duration, inicialHour, setorID) values (416, 120, '23:00', 22);
INSERT INTO Watering(operationID, duration, inicialHour, setorID) values (417, 120, '23:00', 22);
INSERT INTO Watering(operationID, duration, inicialHour, setorID) values (418, 120, '23:00', 22);
INSERT INTO Watering(operationID, duration, inicialHour, setorID) values (419, 120, '23:00', 22);
INSERT INTO Watering(operationID, duration, inicialHour, setorID) values (425, 120, '23:00', 22);
INSERT INTO Watering(operationID, duration, inicialHour, setorID) values (426, 120, '23:00', 22);
INSERT INTO Watering(operationID, duration, inicialHour, setorID) values (427, 120, '23:00', 22);
INSERT INTO Watering(operationID, duration, inicialHour, setorID) values (428, 120, '23:00', 22);
INSERT INTO Watering(operationID, duration, inicialHour, setorID) values (429, 120, '23:00', 22);
INSERT INTO Watering(operationID, duration, inicialHour, setorID) values (430, 60, '06:00', 42);
INSERT INTO Watering(operationID, duration, inicialHour, setorID) values (431, 60, '06:00', 42);
INSERT INTO Watering(operationID, duration, inicialHour, setorID) values (432, 60, '06:00', 42);
INSERT INTO Watering(operationID, duration, inicialHour, setorID) values (433, 60, '06:00', 42);
INSERT INTO Watering(operationID, duration, inicialHour, setorID) values (434, 60, '06:00', 42);
INSERT INTO Watering(operationID, duration, inicialHour, setorID) values (435, 60, '06:00', 42);
INSERT INTO Watering(operationID, duration, inicialHour, setorID) values (439, 120, '04:00', 42);
INSERT INTO Watering(operationID, duration, inicialHour, setorID) values (440, 120, '04:00', 42);
INSERT INTO Watering(operationID, duration, inicialHour, setorID) values (441, 120, '04:00', 42);
INSERT INTO Watering(operationID, duration, inicialHour, setorID) values (445, 150, '04:00', 42);
INSERT INTO Watering(operationID, duration, inicialHour, setorID) values (446, 150, '04:00', 42);
INSERT INTO Watering(operationID, duration, inicialHour, setorID) values (447, 150, '04:00', 42);
INSERT INTO Watering(operationID, duration, inicialHour, setorID) values (451, 150, '21:30', 42);
INSERT INTO Watering(operationID, duration, inicialHour, setorID) values (452, 150, '21:30', 42);
INSERT INTO Watering(operationID, duration, inicialHour, setorID) values (453, 150, '21:30', 42);
INSERT INTO Watering(operationID, duration, inicialHour, setorID) values (457, 120, '21:30', 42);
INSERT INTO Watering(operationID, duration, inicialHour, setorID) values (458, 120, '21:30', 42);
INSERT INTO Watering(operationID, duration, inicialHour, setorID) values (459, 120, '21:30', 42);
INSERT INTO Watering(operationID, duration, inicialHour, setorID) values (460, 120, '21:30', 42);
INSERT INTO Watering(operationID, duration, inicialHour, setorID) values (461, 120, '21:30', 42);
INSERT INTO Watering(operationID, duration, inicialHour, setorID) values (462, 120, '21:30', 42);
INSERT INTO Watering(operationID, duration, inicialHour, setorID) values (463, 120, '21:30', 42);
INSERT INTO Watering(operationID, duration, inicialHour, setorID) values (464, 120, '21:30', 42);
INSERT INTO Watering(operationID, duration, inicialHour, setorID) values (465, 120, '21:30', 42);
INSERT INTO Watering(operationID, duration, inicialHour, setorID) values (466, 120, '21:30', 42);
INSERT INTO Watering(operationID, duration, inicialHour, setorID) values (467, 120, '21:30', 42);
INSERT INTO Watering(operationID, duration, inicialHour, setorID) values (468, 120, '21:30', 42);
INSERT INTO Watering(operationID, duration, inicialHour, setorID) values (472, 120, '07:30', 41);
INSERT INTO Watering(operationID, duration, inicialHour, setorID) values (473, 120, '07:30', 41);
INSERT INTO Watering(operationID, duration, inicialHour, setorID) values (474, 120, '07:30', 41);
INSERT INTO Watering(operationID, duration, inicialHour, setorID) values (475, 120, '06:20', 41);
INSERT INTO Watering(operationID, duration, inicialHour, setorID) values (476, 120, '06:20', 41);
INSERT INTO Watering(operationID, duration, inicialHour, setorID) values (477, 120, '06:20', 41);
INSERT INTO Watering(operationID, duration, inicialHour, setorID) values (481, 120, '06:20', 41);
INSERT INTO Watering(operationID, duration, inicialHour, setorID) values (482, 120, '06:20', 41);
INSERT INTO Watering(operationID, duration, inicialHour, setorID) values (483, 120, '06:20', 41);
INSERT INTO Watering(operationID, duration, inicialHour, setorID) values (484, 120, '06:20', 41);
INSERT INTO Watering(operationID, duration, inicialHour, setorID) values (485, 120, '06:20', 41);
INSERT INTO Watering(operationID, duration, inicialHour, setorID) values (486, 120, '06:20', 41);
INSERT INTO Watering(operationID, duration, inicialHour, setorID) values (487, 120, '06:20', 41);
INSERT INTO Watering(operationID, duration, inicialHour, setorID) values (488, 120, '06:20', 41);
INSERT INTO Watering(operationID, duration, inicialHour, setorID) values (489, 120, '06:20', 41);
INSERT INTO Watering(operationID, duration, inicialHour, setorID) values (490, 120, '06:20', 41);
INSERT INTO Watering(operationID, duration, inicialHour, setorID) values (491, 120, '06:20', 41);
INSERT INTO Watering(operationID, duration, inicialHour, setorID) values (492, 120, '06:20', 41);
INSERT INTO Watering(operationID, duration, inicialHour, setorID) values (493, 120, '06:20', 41);
INSERT INTO Watering(operationID, duration, inicialHour, setorID) values (494, 120, '06:20', 41);
INSERT INTO Watering(operationID, duration, inicialHour, setorID) values (495, 120, '06:20', 41);
INSERT INTO Watering(operationID, duration, inicialHour, setorID) values (496, 120, '06:20', 41);
INSERT INTO Watering(operationID, duration, inicialHour, setorID) values (497, 120, '06:20', 41);
INSERT INTO Watering(operationID, duration, inicialHour, setorID) values (498, 120, '06:20', 41);
INSERT INTO Watering(operationID, duration, inicialHour, setorID) values (499, 120, '06:20', 41);
INSERT INTO Watering(operationID, duration, inicialHour, setorID) values (500, 120, '06:20', 41);
INSERT INTO Watering(operationID, duration, inicialHour, setorID) values (501, 120, '06:20', 41);
INSERT INTO Watering(operationID, duration, inicialHour, setorID) values (502, 120, '06:20', 41);
INSERT INTO Watering(operationID, duration, inicialHour, setorID) values (503, 120, '06:20', 41);
INSERT INTO Watering(operationID, duration, inicialHour, setorID) values (504, 120, '06:20', 41);
INSERT INTO Watering(operationID, duration, inicialHour, setorID) values (505, 120, '06:20', 41);
INSERT INTO Watering(operationID, duration, inicialHour, setorID) values (506, 120, '06:20', 41);
INSERT INTO Watering(operationID, duration, inicialHour, setorID) values (507, 120, '06:20', 41);
INSERT INTO Watering(operationID, duration, inicialHour, setorID) values (508, 120, '06:20', 41);
INSERT INTO Watering(operationID, duration, inicialHour, setorID) values (509, 120, '06:20', 41);
INSERT INTO Watering(operationID, duration, inicialHour, setorID) values (510, 120, '06:20', 41);

INSERT INTO Watering(operationID, duration, inicialHour, setorID) values (335, 60, '06:00', 10);
INSERT INTO Watering(operationID, duration, inicialHour, setorID) values (336, 60, '06:00', 10);
INSERT INTO Watering(operationID, duration, inicialHour, setorID) values (339, 120, '06:00', 10);
INSERT INTO Watering(operationID, duration, inicialHour, setorID) values (340, 120, '06:00', 10);
INSERT INTO Watering(operationID, duration, inicialHour, setorID) values (343, 180, '05:00', 10);
INSERT INTO Watering(operationID, duration, inicialHour, setorID) values (344, 180, '05:00', 10);
INSERT INTO Watering(operationID, duration, inicialHour, setorID) values (365, 120, '23:00', 10);
INSERT INTO Watering(operationID, duration, inicialHour, setorID) values (366, 120, '23:00', 10);
INSERT INTO Watering(operationID, duration, inicialHour, setorID) values (367, 120, '23:00', 10);
INSERT INTO Watering(operationID, duration, inicialHour, setorID) values (368, 120, '23:00', 10);
INSERT INTO Watering(operationID, duration, inicialHour, setorID) values (369, 120, '23:00', 10);
INSERT INTO Watering(operationID, duration, inicialHour, setorID) values (380, 120, '23:00', 11);
INSERT INTO Watering(operationID, duration, inicialHour, setorID) values (381, 120, '23:00', 11);
INSERT INTO Watering(operationID, duration, inicialHour, setorID) values (382, 120, '23:00', 11);
INSERT INTO Watering(operationID, duration, inicialHour, setorID) values (383, 120, '23:00', 11);
INSERT INTO Watering(operationID, duration, inicialHour, setorID) values (384, 120, '23:00', 11);
INSERT INTO Watering(operationID, duration, inicialHour, setorID) values (400, 120, '23:00', 10);
INSERT INTO Watering(operationID, duration, inicialHour, setorID) values (401, 120, '23:00', 10);
INSERT INTO Watering(operationID, duration, inicialHour, setorID) values (402, 120, '23:00', 10);
INSERT INTO Watering(operationID, duration, inicialHour, setorID) values (403, 120, '23:00', 10);
INSERT INTO Watering(operationID, duration, inicialHour, setorID) values (404, 120, '23:00', 10);
INSERT INTO Watering(operationID, duration, inicialHour, setorID) values (420, 120, '23:00', 10);
INSERT INTO Watering(operationID, duration, inicialHour, setorID) values (421, 120, '23:00', 10);
INSERT INTO Watering(operationID, duration, inicialHour, setorID) values (422, 120, '23:00', 10);
INSERT INTO Watering(operationID, duration, inicialHour, setorID) values (423, 120, '23:00', 10);
INSERT INTO Watering(operationID, duration, inicialHour, setorID) values (424, 120, '23:00', 10);
INSERT INTO Watering(operationID, duration, inicialHour, setorID) values (436, 120, '04:00', 11);
INSERT INTO Watering(operationID, duration, inicialHour, setorID) values (437, 120, '04:00', 11);
INSERT INTO Watering(operationID, duration, inicialHour, setorID) values (438, 120, '04:00', 11);
INSERT INTO Watering(operationID, duration, inicialHour, setorID) values (442, 120, '04:00', 10);
INSERT INTO Watering(operationID, duration, inicialHour, setorID) values (443, 120, '04:00', 10);
INSERT INTO Watering(operationID, duration, inicialHour, setorID) values (444, 120, '04:00', 10);
INSERT INTO Watering(operationID, duration, inicialHour, setorID) values (448, 150, '04:00', 11);
INSERT INTO Watering(operationID, duration, inicialHour, setorID) values (449, 150, '04:00', 11);
INSERT INTO Watering(operationID, duration, inicialHour, setorID) values (450, 150, '04:00', 11);
INSERT INTO Watering(operationID, duration, inicialHour, setorID) values (454, 120, '21:30', 10);
INSERT INTO Watering(operationID, duration, inicialHour, setorID) values (455, 120, '21:30', 10);
INSERT INTO Watering(operationID, duration, inicialHour, setorID) values (456, 120, '21:30', 10);
INSERT INTO Watering(operationID, duration, inicialHour, setorID) values (469, 120, '07:30', 11);
INSERT INTO Watering(operationID, duration, inicialHour, setorID) values (470, 120, '07:30', 11);
INSERT INTO Watering(operationID, duration, inicialHour, setorID) values (471, 120, '07:30', 11);
INSERT INTO Watering(operationID, duration, inicialHour, setorID) values (478, 120, '06:20', 10);
INSERT INTO Watering(operationID, duration, inicialHour, setorID) values (479, 120, '06:20', 10);
INSERT INTO Watering(operationID, duration, inicialHour, setorID) values (480, 120, '06:20', 10);

INSERT INTO Pruning(operationID, quantity) values (22, 30);
INSERT INTO Pruning(operationID, quantity) values (23, 20);
INSERT INTO Pruning(operationID, quantity) values (26, 90);
INSERT INTO Pruning(operationID, quantity) values (27, 60);
INSERT INTO Pruning(operationID, quantity) values (28, 40);
INSERT INTO Pruning(operationID, quantity) values (58, 30);
INSERT INTO Pruning(operationID, quantity) values (59, 20);
INSERT INTO Pruning(operationID, quantity) values (61, 500);
INSERT INTO Pruning(operationID, quantity) values (62, 700);
INSERT INTO Pruning(operationID, quantity) values (63, 90);
INSERT INTO Pruning(operationID, quantity) values (64, 60);
INSERT INTO Pruning(operationID, quantity) values (65, 40);
INSERT INTO Pruning(operationID, quantity) values (66, 40);
INSERT INTO Pruning(operationID, quantity) values (67, 40);
INSERT INTO Pruning(operationID, quantity) values (86, 30);
INSERT INTO Pruning(operationID, quantity) values (87, 20);
INSERT INTO Pruning(operationID, quantity) values (88, 500);
INSERT INTO Pruning(operationID, quantity) values (89, 700);
INSERT INTO Pruning(operationID, quantity) values (90, 7000);
INSERT INTO Pruning(operationID, quantity) values (119, 70);
INSERT INTO Pruning(operationID, quantity) values (120, 50);
INSERT INTO Pruning(operationID, quantity) values (116, 30);
INSERT INTO Pruning(operationID, quantity) values (117, 20);
INSERT INTO Pruning(operationID, quantity) values (123, 40);
INSERT INTO Pruning(operationID, quantity) values (124, 60);
INSERT INTO Pruning(operationID, quantity) values (125, 500);
INSERT INTO Pruning(operationID, quantity) values (127, 700);
INSERT INTO Pruning(operationID, quantity) values (180, 30);
INSERT INTO Pruning(operationID, quantity) values (181, 20);
INSERT INTO Pruning(operationID, quantity) values (182, 70);
INSERT INTO Pruning(operationID, quantity) values (183, 90);
INSERT INTO Pruning(operationID, quantity) values (184, 500);
INSERT INTO Pruning(operationID, quantity) values (185, 60);
INSERT INTO Pruning(operationID, quantity) values (187, 700);
INSERT INTO Pruning(operationID, quantity) values (238, 30);
INSERT INTO Pruning(operationID, quantity) values (239, 20);
INSERT INTO Pruning(operationID, quantity) values (243, 70);
INSERT INTO Pruning(operationID, quantity) values (244, 90);
INSERT INTO Pruning(operationID, quantity) values (247, 500);
INSERT INTO Pruning(operationID, quantity) values (249, 700);
INSERT INTO Pruning(operationID, quantity) values (250, 60);

INSERT INTO Weed(operationID, area) values (322, 0.5);
INSERT INTO Weed(operationID, area) values (323, 0.6);
INSERT INTO Weed(operationID, area) values (325, 0.6);
INSERT INTO Weed(operationID, area) values (328, 0.5);

INSERT INTO Sowing(operationID, quantity) values (92, 0.9);
INSERT INTO Sowing(operationID, quantity) values (96, 0.6);
INSERT INTO Sowing(operationID, quantity) values (93, 1.2);
INSERT INTO Sowing(operationID, quantity) values (113, 0.6);
INSERT INTO Sowing(operationID, quantity) values (114, 36);
INSERT INTO Sowing(operationID, quantity) values (115, 1.3);
INSERT INTO Sowing(operationID, quantity) values (131, 0.9);
INSERT INTO Sowing(operationID, quantity) values (134, 1.2);
INSERT INTO Sowing(operationID, quantity) values (135, 30);
INSERT INTO Sowing(operationID, quantity) values (140, 0.6);
INSERT INTO Sowing(operationID, quantity) values (171, 0.6);
INSERT INTO Sowing(operationID, quantity) values (173, 36);
INSERT INTO Sowing(operationID, quantity) values (174, 1.3);
INSERT INTO Sowing(operationID, quantity) values (191, 0.9);
INSERT INTO Sowing(operationID, quantity) values (194, 1.2);
INSERT INTO Sowing(operationID, quantity) values (202, 0.6);
INSERT INTO Sowing(operationID, quantity) values (234, 0.6);
INSERT INTO Sowing(operationID, quantity) values (235, 1.3);
INSERT INTO Sowing(operationID, quantity) values (320, 1.2);
INSERT INTO Sowing(operationID, quantity) values (321, 1.5);
INSERT INTO Sowing(operationID, quantity) values (327, 1.2);
INSERT INTO Sowing(operationID, quantity) values (334, 32);

INSERT INTO ApplicationMode(modeID, designation) values (1, 'Solo');
INSERT INTO ApplicationMode(modeID, designation) values (2, 'Foliar');

INSERT INTO CropApplication(operationID, modeID, productionFactorID, quantity) values (24, 1, 3, 15);
INSERT INTO CropApplication(operationID, modeID, productionFactorID, quantity) values (25, 1, 3, 10);
INSERT INTO CropApplication(operationID, modeID, productionFactorID, quantity) values (31, 1, 4, 10);
INSERT INTO CropApplication(operationID, modeID, productionFactorID, quantity) values (32, 1, 4, 6);
INSERT INTO CropApplication(operationID, modeID, productionFactorID, quantity) values (33, 1, 4, 5);
INSERT INTO CropApplication(operationID, modeID, productionFactorID, quantity) values (68, 1, 1, 10);
INSERT INTO CropApplication(operationID, modeID, productionFactorID, quantity) values (69, 1, 1, 5);
INSERT INTO CropApplication(operationID, modeID, productionFactorID, quantity) values (70, 1, 4, 7);
INSERT INTO CropApplication(operationID, modeID, productionFactorID, quantity) values (121, 1, 3, 10);
INSERT INTO CropApplication(operationID, modeID, productionFactorID, quantity) values (122, 1, 3, 7);
INSERT INTO CropApplication(operationID, modeID, productionFactorID, quantity) values (136, 1, 5, 10);
INSERT INTO CropApplication(operationID, modeID, productionFactorID, quantity) values (137, 1, 5, 10);
INSERT INTO CropApplication(operationID, modeID, productionFactorID, quantity) values (138, 1, 5, 10);
INSERT INTO CropApplication(operationID, modeID, productionFactorID, quantity) values (139, 1, 5, 10);
INSERT INTO CropApplication(operationID, modeID, productionFactorID, quantity) values (197, 2, 5, 10);
INSERT INTO CropApplication(operationID, modeID, productionFactorID, quantity) values (198, 2, 5, 10);
INSERT INTO CropApplication(operationID, modeID, productionFactorID, quantity) values (199, 2, 5, 10);
INSERT INTO CropApplication(operationID, modeID, productionFactorID, quantity) values (200, 2, 5, 10);
INSERT INTO CropApplication(operationID, modeID, productionFactorID, quantity) values (245, 1, 3, 15);
INSERT INTO CropApplication(operationID, modeID, productionFactorID, quantity) values (246, 1, 3, 10);
INSERT INTO CropApplication(operationID, modeID, productionFactorID, quantity) values (256, 1, 13, 120);
INSERT INTO CropApplication(operationID, modeID, productionFactorID, quantity) values (257, 1, 13, 180);
INSERT INTO CropApplication(operationID, modeID, productionFactorID, quantity) values (258, 1, 13, 120);
INSERT INTO CropApplication(operationID, modeID, productionFactorID, quantity) values (259, 1, 13, 240);
INSERT INTO CropApplication(operationID, modeID, productionFactorID, quantity) values (260, 1, 13, 180);
INSERT INTO CropApplication(operationID, modeID, productionFactorID, quantity) values (261, 1, 13, 240);
INSERT INTO CropApplication(operationID, modeID, productionFactorID, quantity) values (262, 1, 13, 120);
INSERT INTO CropApplication(operationID, modeID, productionFactorID, quantity) values (263, 1, 13, 240);
INSERT INTO CropApplication(operationID, modeID, productionFactorID, quantity) values (264, 1, 13, 180);
INSERT INTO CropApplication(operationID, modeID, productionFactorID, quantity) values (274, 1, 12, 100);
INSERT INTO CropApplication(operationID, modeID, productionFactorID, quantity) values (275, 1, 12, 80);
INSERT INTO CropApplication(operationID, modeID, productionFactorID, quantity) values (276, 1, 12, 60);
INSERT INTO CropApplication(operationID, modeID, productionFactorID, quantity) values (277, 1, 12, 80);
INSERT INTO CropApplication(operationID, modeID, productionFactorID, quantity) values (278, 1, 12, 100);
INSERT INTO CropApplication(operationID, modeID, productionFactorID, quantity) values (279, 1, 12, 150);
INSERT INTO CropApplication(operationID, modeID, productionFactorID, quantity) values (280, 1, 12, 60);
INSERT INTO CropApplication(operationID, modeID, productionFactorID, quantity) values (281, 1, 12, 120);
INSERT INTO CropApplication(operationID, modeID, productionFactorID, quantity) values (282, 1, 12, 90);
INSERT INTO CropApplication(operationID, modeID, productionFactorID, quantity) values (283, 1, 12, 120);
INSERT INTO CropApplication(operationID, modeID, productionFactorID, quantity) values (284, 2, 5, 5);
INSERT INTO CropApplication(operationID, modeID, productionFactorID, quantity) values (285, 2, 5, 2);
INSERT INTO CropApplication(operationID, modeID, productionFactorID, quantity) values (286, 2, 5, 4);
INSERT INTO CropApplication(operationID, modeID, productionFactorID, quantity) values (287, 2, 5, 3);
INSERT INTO CropApplication(operationID, modeID, productionFactorID, quantity) values (288, 2, 5, 5);
INSERT INTO CropApplication(operationID, modeID, productionFactorID, quantity) values (289, 1, 13, 150);
INSERT INTO CropApplication(operationID, modeID, productionFactorID, quantity) values (290, 1, 13, 60);
INSERT INTO CropApplication(operationID, modeID, productionFactorID, quantity) values (291, 1, 13, 120);
INSERT INTO CropApplication(operationID, modeID, productionFactorID, quantity) values (292, 1, 13, 90);
INSERT INTO CropApplication(operationID, modeID, productionFactorID, quantity) values (293, 1, 13, 120);
INSERT INTO CropApplication(operationID, modeID, productionFactorID, quantity) values (66, 1, 1, 2);
INSERT INTO CropApplication(operationID, modeID, productionFactorID, quantity) values (67, 1, 1, 2.5);
INSERT INTO CropApplication(operationID, modeID, productionFactorID, quantity) values (90, 1, 1, 2);
INSERT INTO CropApplication(operationID, modeID, productionFactorID, quantity) values (91, 1, 1, 2.5);
INSERT INTO CropApplication(operationID, modeID, productionFactorID, quantity) values (130, 1, 1, 2);
INSERT INTO CropApplication(operationID, modeID, productionFactorID, quantity) values (131, 1, 1, 2.5);
INSERT INTO CropApplication(operationID, modeID, productionFactorID, quantity) values (189, 1, 1, 3);
INSERT INTO CropApplication(operationID, modeID, productionFactorID, quantity) values (190, 1, 1, 3.5);
INSERT INTO CropApplication(operationID, modeID, productionFactorID, quantity) values (253, 1, 1, 4);
INSERT INTO CropApplication(operationID, modeID, productionFactorID, quantity) values (254, 1, 1, 5);

INSERT INTO Incorporation(operationID, area) values (132, 1.3);
INSERT INTO Incorporation(operationID, area) values (133, 1.3);
INSERT INTO Incorporation(operationID, area) values (192, 1.3);
INSERT INTO Incorporation(operationID, area) values (193, 1.3);

INSERT INTO ParcelApplication(operationID, parcelID, productionFactorID, modeID, quantity) values (511, 103, 8, 1, 600);
INSERT INTO ParcelApplication(operationID, parcelID, productionFactorID, modeID, quantity) values (512, 105, 13, 1, 3200);
INSERT INTO ParcelApplication(operationID, parcelID, productionFactorID, modeID, quantity) values (513, 108, 8, 1, 500);
INSERT INTO ParcelApplication(operationID, parcelID, productionFactorID, modeID, quantity) values (514, 108, 12, 1, 1800);

INSERT INTO Mobilization(opertionID, parcelID) values (515, 108);
INSERT INTO Mobilization(opertionID, parcelID) values (516, 108);

INSERT INTO ProductionFactorApplication(revenueID, operationID) values (10, 335);
INSERT INTO ProductionFactorApplication(revenueID, operationID) values (10, 336);
INSERT INTO ProductionFactorApplication(revenueID, operationID) values (10, 339);
INSERT INTO ProductionFactorApplication(revenueID, operationID) values (10, 340);
INSERT INTO ProductionFactorApplication(revenueID, operationID) values (10, 343);
INSERT INTO ProductionFactorApplication(revenueID, operationID) values (10, 344);
INSERT INTO ProductionFactorApplication(revenueID, operationID) values (10, 365);
INSERT INTO ProductionFactorApplication(revenueID, operationID) values (10, 366);
INSERT INTO ProductionFactorApplication(revenueID, operationID) values (10, 367);
INSERT INTO ProductionFactorApplication(revenueID, operationID) values (10, 368);
INSERT INTO ProductionFactorApplication(revenueID, operationID) values (10, 369);
INSERT INTO ProductionFactorApplication(revenueID, operationID) values (11, 380);
INSERT INTO ProductionFactorApplication(revenueID, operationID) values (11, 381);
INSERT INTO ProductionFactorApplication(revenueID, operationID) values (11, 382);
INSERT INTO ProductionFactorApplication(revenueID, operationID) values (11, 383);
INSERT INTO ProductionFactorApplication(revenueID, operationID) values (11, 384);
INSERT INTO ProductionFactorApplication(revenueID, operationID) values (10, 400);
INSERT INTO ProductionFactorApplication(revenueID, operationID) values (10, 401);
INSERT INTO ProductionFactorApplication(revenueID, operationID) values (10, 402);
INSERT INTO ProductionFactorApplication(revenueID, operationID) values (10, 403);
INSERT INTO ProductionFactorApplication(revenueID, operationID) values (10, 404);
INSERT INTO ProductionFactorApplication(revenueID, operationID) values (10, 420);
INSERT INTO ProductionFactorApplication(revenueID, operationID) values (10, 421);
INSERT INTO ProductionFactorApplication(revenueID, operationID) values (10, 422);
INSERT INTO ProductionFactorApplication(revenueID, operationID) values (10, 423);
INSERT INTO ProductionFactorApplication(revenueID, operationID) values (10, 424);
INSERT INTO ProductionFactorApplication(revenueID, operationID) values (11, 436);
INSERT INTO ProductionFactorApplication(revenueID, operationID) values (11, 437);
INSERT INTO ProductionFactorApplication(revenueID, operationID) values (11, 438);
INSERT INTO ProductionFactorApplication(revenueID, operationID) values (10, 442);
INSERT INTO ProductionFactorApplication(revenueID, operationID) values (10, 443);
INSERT INTO ProductionFactorApplication(revenueID, operationID) values (10, 444);
INSERT INTO ProductionFactorApplication(revenueID, operationID) values (11, 448);
INSERT INTO ProductionFactorApplication(revenueID, operationID) values (11, 449);
INSERT INTO ProductionFactorApplication(revenueID, operationID) values (11, 450);
INSERT INTO ProductionFactorApplication(revenueID, operationID) values (10, 454);
INSERT INTO ProductionFactorApplication(revenueID, operationID) values (10, 455);
INSERT INTO ProductionFactorApplication(revenueID, operationID) values (10, 456);
INSERT INTO ProductionFactorApplication(revenueID, operationID) values (11, 469);
INSERT INTO ProductionFactorApplication(revenueID, operationID) values (11, 470);
INSERT INTO ProductionFactorApplication(revenueID, operationID) values (11, 471);
INSERT INTO ProductionFactorApplication(revenueID, operationID) values (10, 478);
INSERT INTO ProductionFactorApplication(revenueID, operationID) values (10, 479);
INSERT INTO ProductionFactorApplication(revenueID, operationID) values (10, 480);

INSERT INTO Harvest(operationID, quantity, plantID) values (94, 2200, 79);
INSERT INTO Harvest(operationID, quantity, plantID) values (95, 1400, 79);
INSERT INTO Harvest(operationID, quantity, plantID) values (110, 3300, 82);
INSERT INTO Harvest(operationID, quantity, plantID) values (111, 600, 78);
INSERT INTO Harvest(operationID, quantity, plantID) values (112, 1800, 78);
INSERT INTO Harvest(operationID, quantity, plantID) values (118, 600, 93);
INSERT INTO Harvest(operationID, quantity, plantID) values (126, 2500, 93);
INSERT INTO Harvest(operationID, quantity, plantID) values (128, 2900, 93);
INSERT INTO Harvest(operationID, quantity, plantID) values (138, 2200, 77);
INSERT INTO Harvest(operationID, quantity, plantID) values (139, 1400, 77);
INSERT INTO Harvest(operationID, quantity, plantID) values (151, 300, 94);
INSERT INTO Harvest(operationID, quantity, plantID) values (162, 3300, 83);
INSERT INTO Harvest(operationID, quantity, plantID) values (164, 900, 48);
INSERT INTO Harvest(operationID, quantity, plantID) values (165, 3300, 82);
INSERT INTO Harvest(operationID, quantity, plantID) values (166, 600, 75);
INSERT INTO Harvest(operationID, quantity, plantID) values (167, 800, 48);
INSERT INTO Harvest(operationID, quantity, plantID) values (168, 1800, 75);
INSERT INTO Harvest(operationID, quantity, plantID) values (169, 800, 41);
INSERT INTO Harvest(operationID, quantity, plantID) values (172, 1200, 41);
INSERT INTO Harvest(operationID, quantity, plantID) values (175, 950, 37);
INSERT INTO Harvest(operationID, quantity, plantID) values (176, 750, 37);
INSERT INTO Harvest(operationID, quantity, plantID) values (177, 210, 92);
INSERT INTO Harvest(operationID, quantity, plantID) values (178, 120, 89);
INSERT INTO Harvest(operationID, quantity, plantID) values (179, 600, 93);
INSERT INTO Harvest(operationID, quantity, plantID) values (186, 2500, 93);
INSERT INTO Harvest(operationID, quantity, plantID) values (196, 2250, 77);
INSERT INTO Harvest(operationID, quantity, plantID) values (201, 1300, 77);
INSERT INTO Harvest(operationID, quantity, plantID) values (212, 600, 92);
INSERT INTO Harvest(operationID, quantity, plantID) values (213, 500, 92);
INSERT INTO Harvest(operationID, quantity, plantID) values (223, 1200, 95);
INSERT INTO Harvest(operationID, quantity, plantID) values (224, 600, 95);
INSERT INTO Harvest(operationID, quantity, plantID) values (225, 3500, 83);
INSERT INTO Harvest(operationID, quantity, plantID) values (227, 3300, 83);
INSERT INTO Harvest(operationID, quantity, plantID) values (228, 950, 48);
INSERT INTO Harvest(operationID, quantity, plantID) values (229, 650, 78);
INSERT INTO Harvest(operationID, quantity, plantID) values (230, 1900, 78);
INSERT INTO Harvest(operationID, quantity, plantID) values (231, 830, 48);
INSERT INTO Harvest(operationID, quantity, plantID) values (232, 750, 41);
INSERT INTO Harvest(operationID, quantity, plantID) values (233, 1150, 41);
INSERT INTO Harvest(operationID, quantity, plantID) values (236, 850, 37);
INSERT INTO Harvest(operationID, quantity, plantID) values (237, 900, 37);
INSERT INTO Harvest(operationID, quantity, plantID) values (240, 300, 92);
INSERT INTO Harvest(operationID, quantity, plantID) values (241, 200, 89);
INSERT INTO Harvest(operationID, quantity, plantID) values (242, 50, 84);
INSERT INTO Harvest(operationID, quantity, plantID) values (248, 200, 84);
INSERT INTO Harvest(operationID, quantity, plantID) values (251, 250, 84);
INSERT INTO Harvest(operationID, quantity, plantID) values (265, 400, 86);
INSERT INTO Harvest(operationID, quantity, plantID) values (266, 300, 89);
INSERT INTO Harvest(operationID, quantity, plantID) values (267, 350, 92);
INSERT INTO Harvest(operationID, quantity, plantID) values (304, 700, 97);
INSERT INTO Harvest(operationID, quantity, plantID) values (305, 600, 98);
INSERT INTO Harvest(operationID, quantity, plantID) values (306, 700, 98);
INSERT INTO Harvest(operationID, quantity, plantID) values (307, 600, 61);
INSERT INTO Harvest(operationID, quantity, plantID) values (308, 700, 61);
INSERT INTO Harvest(operationID, quantity, plantID) values (309, 1200, 57);
INSERT INTO Harvest(operationID, quantity, plantID) values (310, 700, 56);
INSERT INTO Harvest(operationID, quantity, plantID) values (311, 700, 44);
INSERT INTO Harvest(operationID, quantity, plantID) values (312, 800, 44);
INSERT INTO Harvest(operationID, quantity, plantID) values (313, 700, 48);
INSERT INTO Harvest(operationID, quantity, plantID) values (314, 900, 48);
INSERT INTO Harvest(operationID, quantity, plantID) values (315, 900, 41);
INSERT INTO Harvest(operationID, quantity, plantID) values (316, 1050, 41);
INSERT INTO Harvest(operationID, quantity, plantID) values (317, 950, 37);
INSERT INTO Harvest(operationID, quantity, plantID) values (318, 800, 37);
INSERT INTO Harvest(operationID, quantity, plantID) values (324, 2500, 77);
INSERT INTO Harvest(operationID, quantity, plantID) values (329, 8000, 96);
INSERT INTO Harvest(operationID, quantity, plantID) values (330, 5000, 96);
INSERT INTO Harvest(operationID, quantity, plantID) values (331, 900, 75);
INSERT INTO Harvest(operationID, quantity, plantID) values (332, 1500, 75);
INSERT INTO Harvest(operationID, quantity, plantID) values (333, 1200, 75);